transaction_amount,device_trust_score,merchant_risk_score,location_distance_km,transactions_last_hour,fraud
29.4813827,0.841232152,0.161339802,9.935131041,1,0
49.95546497,0.454357867,0.109671842,10.91867907,0,0
65.73967438,0.740247974,0.318506245,15.36895088,0,0
18.58346413,0.667373611,0.044560085,26.33929626,2,1
74.74866873,0.478253499,0.526544785,23.50754802,0,0
49.602761,0.722055683,0.104676491,21.20789999,0,0
75.6701601,0.346065639,0.140252633,17.79952476,1,0
50.29645449,0.84636769,0.246637792,19.49257617,0,0
102.4737328,0.722393809,0.244991483,38.69820332,2,0
19.10203544,0.735756358,0.086899606,27.53871588,2,0
167.4826539,0.744852713,0.28815224,35.67529399,4,0
105.8382384,0.427061042,0.132611414,18.76667333,2,0
25.02896417,0.652635689,0.024174868,27.54544444,3,0
68.58906025,0.746667125,0.180859775,14.14843481,1,0
57.7321325,0.707726188,0.130800117,5.478573641,2,0
10.00804378,0.920915677,0.219060512,31.30393106,0,0
65.11617593,0.956017821,0.12521855,7.130796593,3,0
25.3221803,0.873889608,0.104154475,28.39397703,1,0
33.11509342,0.939138276,0.025236306,3.166602489,2,0
24.9803833,0.434604764,0.270425441,7.628520315,1,0
28.71824958,0.655500021,0.210392151,27.38707359,2,0
42.83638085,0.556540367,0.166312721,35.67314529,2,0
43.70118853,0.462937412,0.346384121,31.51909996,0,0
11.61942802,0.658230551,0.241840926,22.78811071,1,0
32.62357456,0.51345596,0.095553538,14.69219896,1,0
13.79286021,0.67048761,0.042981326,2.390392008,0,0
14.63444085,0.703876194,0.059860911,24.55154136,0,0
30.64400719,0.772635429,0.169101933,6.003961094,2,0
80.17728303,0.920898988,0.082717288,12.44331601,0,0
66.99950312,0.903060674,0.024297704,14.15465173,1,0
24.935028,0.668782957,0.370015591,14.56525501,3,0
22.91205843,0.860421594,0.252162283,36.24159575,1,0
20.86497847,0.615838338,0.031730608,16.84841544,2,0
45.34011473,0.475952305,0.241727957,13.88150206,1,0
85.56874013,0.583386443,0.144896804,30.01819135,0,0
41.03559602,0.785064362,0.137988393,32.51795014,1,0
70.40141312,0.319461982,0.186584753,46.94640891,1,0
52.05637384,0.558851968,0.166486937,4.103377368,1,0
134.740207,0.838359073,0.057469694,6.045954788,0,0
8.122576532,0.758759717,0.079137359,2.479098896,1,0
7.353473109,0.530300984,0.373727305,13.42399232,0,0
34.50997241,0.592443065,0.330190291,11.48150856,0,0
67.30480394,0.674984257,0.402159332,26.49540416,0,0
29.1239417,0.648767528,0.288940781,10.31863572,2,0
56.86184444,0.59792027,0.269001974,2.458781767,0,0
15.81824724,0.787445005,0.664612404,6.365254863,0,0
14.7684539,0.560595684,0.188363075,31.87217069,3,0
22.79951561,0.800421596,0.155363154,14.75829747,0,0
79.28573092,0.458351937,0.113908144,28.79893658,2,0
70.60399263,0.570867152,0.318553427,8.420265398,1,0
22.86020967,0.976653495,0.006792146,7.410609218,0,0
46.75379813,0.580657969,0.245939543,42.37661433,1,0
24.0935298,0.442782481,0.267887526,10.62806131,0,0
41.10163281,0.732883024,0.384647214,17.91764693,3,0
16.58606517,0.865510073,0.134444194,20.69831956,1,0
38.9686128,0.620346064,0.375669048,12.63142357,0,0
22.45238517,0.835058107,0.273365334,14.90156362,4,0
39.03709679,0.979934874,0.369866767,11.50083655,1,0
24.00749121,0.822633349,0.615938595,11.86629428,1,0
20.95981045,0.905845496,0.172353382,33.19555388,2,0
44.28938492,0.401681502,0.185482245,34.0972752,0,0
30.86934781,0.570713673,0.328792337,25.02865701,0,0
41.15465077,0.831762286,0.078072548,16.06910884,0,0
28.92573996,0.632271004,0.325296086,33.81524242,1,0
66.08847125,0.825601905,0.322646263,5.145497375,2,0
21.06161517,0.679152034,0.333132377,15.84034009,1,0
74.81368599,0.713817545,0.024286452,23.11006492,0,0
117.3991242,0.616836608,0.378721298,29.32726077,0,0
32.61883345,0.961445085,0.04948748,23.90061127,2,0
163.3989018,0.440797411,0.529028681,18.31869499,2,0
205.153516,0.921564993,0.262653685,4.338914821,0,0
57.65402156,0.769791801,0.542010135,16.06894521,1,0
13.65240751,0.411108819,0.087386003,28.52213348,0,0
11.10554842,0.88017199,0.240932742,23.04260078,0,0
35.14129915,0.543311403,0.195856353,7.596019638,3,0
167.4598902,0.511303844,0.073710037,22.16032908,2,0
64.04845332,0.572710067,0.170741085,26.06864357,1,0
74.17481971,0.687440256,0.042171184,9.10784089,1,0
33.09126506,0.868365227,0.164823906,9.196682361,1,0
22.30213696,0.790398909,0.120036212,22.5145236,1,0
54.46383391,0.70680224,0.33162686,40.93644329,3,0
16.65944007,0.578876086,0.338520619,14.02364224,0,0
34.55127626,0.908685286,0.213667187,17.25198751,1,0
60.88104245,0.494114497,0.086918221,8.651163663,0,0
41.62693038,0.968981095,0.484233674,5.64406375,1,0
61.53778542,0.898166053,0.157284625,6.107789424,3,0
28.31010261,0.510458027,0.53629758,8.457182787,1,0
65.27074121,0.739739078,0.452181232,11.69279725,2,0
55.90871685,0.735256189,0.31967482,5.526195698,0,0
10.80744222,0.882361313,0.187144447,9.656199146,1,0
17.56994263,0.780720244,0.145925469,31.90926742,2,0
22.67400116,0.839556549,0.211634211,8.184598035,1,0
68.33820983,0.93841765,0.127100192,21.81945706,2,0
51.50423973,0.589460688,0.037488739,12.57075339,1,0
50.72356692,0.413608766,0.339635165,65.76359829,4,0
46.44858248,0.797138571,0.547414734,5.284935903,1,0
67.30140837,0.904580611,0.366023872,8.748559603,1,0
86.16622448,0.522985831,0.231348698,28.64766822,2,0
25.95143878,0.675775423,0.219952022,31.78688901,1,0
11.32791766,0.642199873,0.141399188,4.557141545,3,0
68.98296323,0.707456184,0.256197005,28.5151504,2,0
34.20790093,0.602636276,0.400972854,13.93519347,0,0
42.05777639,0.795634109,0.20746184,47.54374589,1,0
35.19682178,0.885035064,0.051203468,26.99200745,0,0
16.60901069,0.857891957,0.2665653,4.874461924,0,0
12.07912732,0.589051559,0.358090386,6.381700412,2,0
87.48122067,0.705401581,0.172569184,22.0595206,1,0
96.97701812,0.516349355,0.062151921,13.40544462,0,0
85.19917332,0.624559218,0.199369807,41.71679482,1,0
47.77907187,0.82731681,0.523643243,7.918788028,0,0
50.13987638,0.932295692,0.074329686,9.614021547,2,0
28.92933874,0.740327243,0.590201745,51.16938709,0,0
42.70900501,0.732021943,0.065764129,16.44710773,1,0
29.30420837,0.520428621,0.26917227,41.62897709,2,0
26.181448,0.578057817,0.087343715,13.18812293,1,0
47.66333925,0.830222209,0.346423625,1.675038694,3,0
157.3512163,0.669851353,0.070635159,2.173893342,0,0
8.963554224,0.732621704,0.535071232,2.892738382,0,0
65.44493189,0.776820031,0.019394701,7.433469709,0,0
69.44402329,0.798724426,0.125621502,3.461415212,1,0
15.30952349,0.600199306,0.271846227,45.44598203,1,0
51.97485033,0.905589926,0.282438492,19.6559312,1,0
43.87128346,0.787821818,0.559936373,11.67303619,2,0
27.90522152,0.480427585,0.067302647,19.46848549,1,0
27.19248234,0.908660125,0.044759754,10.46464626,1,0
13.1321241,0.742184089,0.148187275,35.10263459,1,0
158.4980393,0.71808455,0.382139736,10.28215493,1,0
264.5562808,0.775028872,0.533990204,19.64054271,0,0
143.8974244,0.812863941,0.150841344,46.70481786,2,0
32.12920395,0.613835848,0.54697581,35.6706537,2,0
50.83299161,0.88686226,0.10195155,57.72855128,1,0
54.69468319,0.630375943,0.28594218,4.907441155,1,0
21.10803214,0.824709764,0.260485492,57.16493964,0,0
32.89067926,0.666385639,0.131380653,25.32618513,1,0
61.96664937,0.373317855,0.18504516,14.24155242,1,0
28.86707414,0.712821932,0.346107309,1.027411902,0,0
9.896638038,0.670399359,0.358789845,3.312078981,3,0
14.66678013,0.72461943,0.064984896,5.943895934,1,0
49.59999343,0.782489781,0.081501104,18.00420147,0,0
30.88747873,0.784632336,0.36022395,69.52111035,2,0
31.86043986,0.771867641,0.568136028,14.16922068,2,0
119.6753062,0.564059327,0.417405239,9.775900424,2,0
43.28600179,0.778881666,0.108725053,7.247309523,0,0
22.78382863,0.584518697,0.642423794,8.168370581,1,0
38.39892048,0.657267219,0.083363468,41.7942663,0,0
227.3131671,0.598643682,0.332376265,9.065117697,0,0
16.42540269,0.527226975,0.281666692,18.47601418,0,0
168.9425423,0.745709379,0.181878976,9.111749519,1,0
128.1595526,0.862714463,0.142788414,10.50900713,0,0
35.58498415,0.386261311,0.237985133,20.27449098,1,0
30.91645215,0.446532659,0.078975673,3.535016033,1,0
125.8444533,0.640284403,0.455966591,41.04706831,0,0
49.16471239,0.258589491,0.37284755,18.95896555,1,0
26.45204855,0.874791261,0.250166775,5.005663672,0,0
173.8528725,0.849226009,0.005301596,12.6999042,1,0
46.50658433,0.878155972,0.096095089,13.09839395,0,0
52.75806789,0.874668835,0.233758454,6.06591702,2,0
41.71307879,0.53883892,0.124460985,31.94331739,1,0
31.78363136,0.670723786,0.239565658,33.79835837,0,0
44.67259202,0.755809052,0.349534372,22.52111923,0,0
30.08188739,0.470816602,0.355360512,20.80350497,0,0
60.70492857,0.841518845,0.284508942,0.707874939,2,0
94.10047268,0.62902593,0.113125798,21.1866261,0,0
96.36649303,0.494786635,0.183227525,4.706979494,2,0
104.911221,0.792423504,0.247761799,4.31063339,2,0
133.803848,0.928381232,0.29195463,3.184927224,1,0
74.35329677,0.583573525,0.086881422,47.53122575,6,1
24.93850761,0.873896162,0.22713123,27.80402209,2,0
87.33265388,0.437314449,0.398448839,26.52153336,0,0
10.81176137,0.788939048,0.090270038,2.739358123,1,0
22.85804014,0.571770343,0.258320149,1.252353701,1,0
51.00761486,0.629361784,0.17074031,27.02928302,2,0
10.52849151,0.72418369,0.392700184,2.245737464,1,0
131.3026055,0.570258188,0.212479447,7.743317861,3,0
17.92365664,0.725390494,0.153393597,23.23528214,1,0
12.20393219,0.315457125,0.106904682,17.03168448,2,0
21.99589464,0.763562394,0.116322053,8.481287549,1,0
21.95055331,0.252830796,0.048310159,28.22040981,0,0
39.60569259,0.463384158,0.298371041,22.19787992,1,0
35.64654789,0.785042403,0.029664393,35.55580051,1,0
92.28346313,0.478716596,0.417612941,1.57410699,1,0
35.40484198,0.356675359,0.154205945,14.27186014,1,0
46.5459946,0.625464214,0.100401461,26.79536704,1,0
18.32042768,0.952439509,0.236794425,19.47885254,0,0
60.20762567,0.58707847,0.259545717,14.87360352,1,0
21.75876596,0.772094433,0.053450642,6.883093937,1,0
8.511053605,0.779929006,0.090516233,15.87469233,0,0
114.7858326,0.875925662,0.325936494,16.84857135,1,0
17.37191039,0.499869692,0.29849832,20.20541689,1,0
16.91563616,0.794299486,0.319725294,23.72785766,1,0
20.05862179,0.862783994,0.24967731,8.039357991,1,0
68.09434549,0.843709386,0.267538622,5.014676933,1,0
11.95631041,0.747589137,0.101520615,24.47402928,0,0
29.41450855,0.646909569,0.206569301,68.71913269,2,0
64.16817078,0.782844439,0.504146866,34.87809741,0,0
184.4819413,0.913157972,0.10454132,11.96292242,1,0
32.08061444,0.25316389,0.576788311,21.63193798,1,1
42.29467564,0.619187337,0.138725338,8.07462089,0,0
20.21044704,0.840088227,0.097264866,5.750747511,0,0
197.3605919,0.517373089,0.196199396,3.363670579,1,0
36.14529914,0.41517941,0.171305535,49.52760683,1,0
38.4727254,0.900074416,0.260887567,13.11244859,1,0
45.48463924,0.792923641,0.278777707,46.06981774,1,0
19.43543102,0.312120147,0.577219682,15.27172121,0,0
40.11876413,0.824508769,0.262501084,15.18165089,1,0
14.74630709,0.857812227,0.089688018,28.30318617,1,0
133.0964004,0.745315442,0.150057873,6.698993084,0,0
35.88866718,0.428663141,0.09599904,9.942957844,2,0
35.44947085,0.478197455,0.215841473,24.45238355,2,0
102.9822462,0.877832433,0.385822486,7.188161434,1,0
15.29177791,0.804795625,0.077692582,11.36980648,1,0
124.0897484,0.340531205,0.391049508,8.451053387,1,0
136.7050189,0.606700551,0.386617518,6.471089455,0,0
21.85849071,0.685700631,0.062040655,23.79600028,2,0
70.28778522,0.434583394,0.26954622,10.66244216,2,0
37.41004305,0.947861721,0.215792062,6.434556165,1,0
81.9544706,0.697578245,0.163182767,5.460970404,2,0
41.82806824,0.722444861,0.131985388,2.231077053,1,0
19.68516139,0.440825245,0.043644989,11.42223733,2,0
66.85251262,0.670187466,0.089429782,9.366779752,2,0
33.96123641,0.927636802,0.036908937,10.85325828,1,0
46.68372308,0.66192568,0.238966892,25.87217874,0,0
88.33644757,0.852774744,0.254773657,6.576292969,3,0
106.9348448,0.812221969,0.204934898,6.495340056,1,0
66.91056945,0.675183832,0.116413155,56.08096066,3,0
12.97607819,0.704457551,0.219576716,18.02539909,1,0
70.49527955,0.501692597,0.121878716,15.5409502,0,0
31.8042119,0.611390647,0.073771752,16.33978923,0,0
95.37335546,0.404737968,0.168452032,2.978307793,0,0
34.58176989,0.784342639,0.069922097,6.884811814,0,0
126.5704246,0.570728433,0.393907814,18.6527103,0,0
61.02336682,0.680658396,0.339225662,18.79621012,2,0
40.44950266,0.912079803,0.356689074,31.95678027,2,0
51.14261607,0.815840226,0.128438178,14.55363247,4,0
9.8632916,0.670608612,0.191480201,8.97340734,2,0
64.01041359,0.555636526,0.25323351,27.39799041,0,0
44.34290554,0.871424612,0.055966141,14.39376872,1,0
16.81988513,0.686952729,0.167468651,6.954102248,1,0
56.01397976,0.26038311,0.137294706,27.9863611,1,0
52.21689951,0.947912499,0.0519095,11.86617515,1,0
53.84429736,0.681839325,0.053329681,15.92324013,1,0
36.88058402,0.776055124,0.007349652,40.35953446,1,0
76.0061429,0.831457434,0.135429694,8.177892121,1,0
76.79633586,0.374091416,0.123845627,49.89129733,2,0
43.59197969,0.855531678,0.113707167,5.419294562,1,0
38.51731339,0.724075122,0.092956292,8.57610203,0,0
28.13356122,0.841099348,0.468042131,3.930955291,2,0
25.12702676,0.801251293,0.461603773,29.59754343,4,0
65.98384998,0.848585524,0.109391931,8.999076549,1,0
26.13513501,0.579488612,0.059065211,4.159330802,0,0
13.06871797,0.61494706,0.346345789,10.68302892,2,0
49.24302908,0.943220809,0.160461989,7.129193638,1,0
98.09468461,0.377792127,0.086819217,27.10614874,2,0
32.49593174,0.820814596,0.185096265,27.08877269,0,0
81.00999105,0.38756174,0.577014662,6.875470461,1,0
59.45375452,0.859176743,0.320025699,23.57483431,1,0
18.05539627,0.984776182,0.084992348,13.15684922,0,0
52.35124997,0.407729886,0.351597495,39.3366046,3,0
37.07292822,0.877787387,0.462319102,57.30650611,0,0
69.81012835,0.973985645,0.448964593,15.31462809,2,0
4.355764365,0.378293649,0.210912001,31.40702211,2,0
78.65222055,0.891173473,0.534642515,4.622096887,1,0
73.1952091,0.881532486,0.068864553,11.15748298,0,0
19.30177783,0.58430723,0.134613975,39.22400991,1,0
95.18201972,0.624363121,0.235339969,27.65599426,0,0
35.8360447,0.701223959,0.116174611,26.1480047,2,0
46.8804977,0.903839409,0.300961794,46.03900738,1,0
80.88032274,0.68517436,0.171962694,13.21214964,0,0
118.7749929,0.581070942,0.279169259,8.829859652,3,0
46.47357408,0.486683521,0.188930244,30.46392283,0,0
70.1498215,0.447987201,0.051405687,14.84158991,1,0
57.80142019,0.820938899,0.094644296,3.031889363,1,0
22.64965112,0.921623672,0.337677637,8.659768947,0,0
150.8027933,0.737383855,0.043900952,9.926366437,2,0
75.57097241,0.829941464,0.282922918,16.95230776,2,0
45.84930797,0.825222793,0.087054115,33.89470648,0,0
96.27015486,0.95801468,0.461896977,24.0846219,0,0
63.00333208,0.176567319,0.321247579,8.034849634,3,0
26.2129345,0.787382186,0.189527452,30.94972333,0,0
91.22734735,0.526895944,0.245930813,10.7633202,0,0
43.06743169,0.347812741,0.229817244,3.211904521,2,0
67.28809128,0.742088529,0.193547778,21.25637112,2,0
88.07139142,0.512955158,0.131985598,1.683906023,1,0
87.56370686,0.881348353,0.083400856,96.31627916,1,0
184.8103964,0.786701167,0.402684691,5.047885085,1,0
48.16525227,0.790109587,0.239807519,6.23251129,1,0
35.96868864,0.342609406,0.306674397,28.98381414,1,0
23.04588885,0.818605694,0.157096266,14.49291161,1,0
24.97232518,0.571204729,0.00743117,6.799457184,1,0
70.41957484,0.590390034,0.146606543,9.148427739,1,0
58.03870845,0.544884735,0.070001824,55.62173709,0,0
20.74485324,0.908168982,0.068881565,2.155504038,3,0
25.38064845,0.703105263,0.094842565,22.74244504,0,0
29.17239156,0.841406111,0.212933951,14.26166252,0,0
144.2517344,0.794523518,0.204108949,6.797462186,1,0
19.73072826,0.751656562,0.043623466,17.41163912,1,0
55.57973596,0.556888384,0.567553009,6.164236487,2,0
11.33786647,0.665885479,0.077671775,5.077259091,0,0
34.70987966,0.315591305,0.301442138,10.3310267,1,0
126.3184186,0.935074139,0.049727784,39.56646431,2,0
15.36071258,0.85179492,0.02116091,9.185838811,0,0
104.8229764,0.846761783,0.103542636,0.861994904,0,0
9.235343645,0.646999945,0.23658207,7.035934587,0,0
43.65097692,0.94063171,0.307604367,44.73480693,1,0
17.27631641,0.790009285,0.486791246,37.85571166,1,0
41.06728593,0.628646406,0.252283824,6.929940593,1,0
34.42806578,0.466218953,0.328564023,31.98813074,1,0
79.90687741,0.869591422,0.359092342,21.00612113,1,0
51.7870675,0.719041233,0.3332209,12.75939001,1,0
47.70715041,0.852436564,0.118069745,23.27202927,1,0
27.03434619,0.557326977,0.050594705,3.384253654,1,0
59.69495341,0.967291959,0.630681979,32.50263975,3,0
22.04412356,0.366792769,0.091515926,21.5202847,1,0
24.98964802,0.779296399,0.208544033,10.42527189,1,0
25.28126789,0.743916933,0.228910188,11.61884312,0,0
65.65193471,0.927409541,0.340811683,44.65596553,0,0
254.340214,0.747500736,0.08642874,7.610499353,0,0
39.62224997,0.84902263,0.211238168,13.56457283,2,0
193.6250813,0.449347692,0.061859727,20.56396258,0,0
18.51572424,0.552950425,0.368436476,17.83359441,1,0
25.88508565,0.979089707,0.07613895,15.70164861,0,0
63.26273144,0.623782033,0.333614568,39.5120281,0,0
67.93219143,0.758959762,0.176603021,17.59056911,0,0
76.77319498,0.800689891,0.253291344,12.33009197,0,0
147.3885207,0.907799747,0.077630847,17.26562902,0,0
35.53175268,0.670796045,0.17480463,17.89305618,1,0
99.48149474,0.666084288,0.216742186,50.88670657,1,0
51.01941083,0.90606093,0.438435237,7.843853051,0,0
4.373351788,0.661401298,0.334331596,6.705419667,0,0
18.94846624,0.811324822,0.069703391,46.62562932,0,0
27.53076305,0.770221422,0.061157374,16.86508116,3,0
45.84782777,0.763321613,0.63749298,36.17909872,3,0
64.09096508,0.716526705,0.163820911,15.555526,1,0
33.69347589,0.714021911,0.137828911,6.958724457,0,0
119.6962811,0.789035626,0.395733883,14.30672411,1,0
19.32963758,0.92274448,0.050709575,18.28169227,0,0
41.15742427,0.664886553,0.090560006,49.92822781,0,0
87.53166647,0.821209234,0.53455014,18.69643556,0,0
17.10816168,0.902889079,0.655027018,24.76148137,3,0
114.5159948,0.845503016,0.250476414,12.69253334,2,0
89.90140286,0.886665547,0.031010258,12.25614025,0,0
36.89452192,0.503900526,0.179581724,5.448145445,1,0
42.13147999,0.896972696,0.13453345,5.396974073,2,0
39.16090834,0.767537421,0.377653272,37.03483427,3,0
42.72198545,0.808699846,0.18714816,9.513604821,2,0
113.6275841,0.846803001,0.181200535,6.246168181,2,0
63.37757363,0.986849658,0.470854438,17.34068389,0,0
13.98311389,0.649874623,0.173678747,45.78512624,1,0
12.2515462,0.407269208,0.320993349,20.89250406,1,0
67.8926893,0.611633467,0.338615867,10.70116815,0,0
5.144395904,0.731826324,0.208908349,56.79727092,0,0
11.90355029,0.847836165,0.128346322,25.1098594,0,0
25.61960574,0.836362332,0.38350223,44.90940966,0,0
40.97700409,0.896753195,0.394071868,41.12021098,0,0
122.6761766,0.696095873,0.320559181,21.33768826,2,0
47.98439466,0.639435354,0.366366108,29.43309929,0,0
688.4413738,0.57147757,0.432704313,3.431671761,0,0
49.39412166,0.872445083,0.077702287,35.48868593,3,0
82.46806351,0.62592597,0.277549489,6.716607399,1,0
93.62139521,0.948857159,0.391196397,44.70033623,0,0
38.18887476,0.798862635,0.00352532,31.76010293,2,0
88.92081977,0.885708011,0.462494456,47.99707887,0,0
66.87142231,0.861502085,0.43055089,7.668101283,2,0
50.15976362,0.941188609,0.094355895,53.63463436,0,0
25.05097505,0.351790707,0.337321621,16.08355046,2,0
29.51269548,0.704971707,0.492611602,39.19833173,2,0
78.43678566,0.960323873,0.09109532,25.90172604,0,0
40.34100408,0.819199993,0.394927454,12.53648969,2,0
57.289579,0.732953091,0.471334539,3.271112218,1,0
57.30712749,0.540209457,0.24858341,9.24856525,1,0
51.83642113,0.996011828,0.225827592,34.87814757,0,0
42.00227417,0.814560739,0.169949933,3.701816702,0,0
66.36705619,0.503490886,0.196817281,34.16242855,1,0
80.57253655,0.883476105,0.381452016,19.5819871,1,0
124.3616823,0.687901681,0.246376341,0.841947961,0,0
61.91545708,0.668913227,0.178910008,37.54280367,2,0
26.49132834,0.564583602,0.351284879,5.679832034,3,0
24.1968847,0.868252527,0.083740101,21.1611367,1,0
69.08208102,0.856816028,0.172003726,2.028470422,0,0
12.29945771,0.525279729,0.170123178,8.819584626,1,0
27.43662596,0.774731943,0.2547979,20.67159241,2,0
95.27546866,0.416063562,0.098892905,27.26563027,0,0
31.91169556,0.852899126,0.227355194,26.2038751,1,0
24.65457824,0.638169214,0.221157832,36.21223377,1,0
111.0375503,0.88027184,0.085335367,55.15382662,0,0
5.000123473,0.862788337,0.570745974,28.9478897,1,0
39.078184,0.747071018,0.364768165,21.4745046,2,0
28.82689117,0.726406338,0.487074089,8.197930133,2,0
28.12005164,0.494337941,0.328165595,2.657521228,1,0
85.67018181,0.579730738,0.362773891,12.14675989,2,0
137.381872,0.541755467,0.11177006,6.136225107,2,0
102.561495,0.652301616,0.413083849,20.68990508,2,0
68.22099695,0.936111909,0.20797909,21.93637337,1,0
53.85919635,0.967986888,0.56735029,18.8488868,2,0
34.21506835,0.84289969,0.281846682,47.6672718,0,0
41.64634811,0.569746592,0.232519258,8.642934861,0,0
11.39584551,0.405626701,0.098461891,19.48899157,1,0
27.38254544,0.946953081,0.040644851,26.80980078,1,0
66.83281158,0.637721006,0.193500614,13.24469278,1,0
37.7421072,0.436741137,0.212477093,15.65882656,2,0
80.2195591,0.807360038,0.059278171,12.78110615,0,0
12.02191673,0.896019899,0.22707047,16.02789225,1,0
26.53284514,0.613755215,0.207692982,19.12871198,2,0
18.68624661,0.754789231,0.303167311,7.480549758,0,0
96.16770304,0.545520275,0.43373033,36.81790381,3,0
33.68917154,0.866601587,0.272024086,17.37673584,1,0
32.86856929,0.83456187,0.456958768,13.28641424,1,0
15.67214095,0.846322531,0.251034124,21.66679113,1,0
27.81063219,0.842581199,0.231617852,15.47924806,2,0
18.57402167,0.662583591,0.313132778,13.21717124,1,0
26.34956052,0.346725203,0.143285329,34.52102933,1,0
234.7112247,0.534896977,0.34626329,19.41435285,0,0
16.55047348,0.94544557,0.406252921,38.21523052,0,0
33.71593167,0.565278769,0.638494113,35.77642689,0,0
20.34135906,0.629675515,0.051318363,9.931464797,0,0
117.3340006,0.541046542,0.340085728,18.66203704,1,0
19.09147541,0.597398274,0.286984561,8.994796008,0,0
20.73816685,0.729883499,0.124066177,29.74827935,3,0
55.38568927,0.936046857,0.05877668,7.184988179,1,0
154.990422,0.789407488,0.44715107,5.664960018,2,0
49.73398855,0.948363102,0.123405746,73.76089023,0,0
26.23740431,0.636034497,0.155265033,8.105284462,1,0
5.384342394,0.81343367,0.029746917,59.24324258,1,0
2.298894448,0.927887001,0.373531036,12.51705432,3,0
38.63806055,0.762322645,0.321932392,25.17017637,1,0
42.03740234,0.865527134,0.427752663,16.51414874,2,0
105.5774594,0.654129221,0.201216709,1.109766976,2,0
59.73719783,0.684213251,0.209081958,30.32628664,0,0
33.40435168,0.618272485,0.209760164,29.0478994,2,0
114.2287009,0.486170159,0.130219165,53.25495023,2,0
163.0837626,0.719596251,0.127891063,12.92027325,1,0
24.38663497,0.733495686,0.395180127,18.23965024,1,0
86.14070473,0.889348017,0.402458152,7.123084724,1,0
106.5158169,0.978679146,0.13638276,20.88689634,1,0
22.31602889,0.699080828,0.581222053,16.79357063,0,0
64.44508009,0.842280432,0.240788122,22.66256137,4,0
40.00840709,0.624146001,0.106878664,37.01967705,4,0
104.78723,0.752982608,0.098059438,11.9138841,1,0
99.2990825,0.546920648,0.486896362,10.62711691,0,0
7.543299361,0.872907574,0.156537752,4.362323557,2,0
34.24697331,0.416763386,0.385695335,19.36200485,1,0
122.7431609,0.591205284,0.157436103,16.3590489,2,0
61.63380341,0.547465916,0.236318742,46.85499836,0,0
18.05380573,0.796772262,0.044873815,21.11319535,1,0
27.93647232,0.723795977,0.359636913,37.43501077,2,0
17.4222863,0.810899509,0.441379125,13.17763048,1,0
53.23976904,0.962401415,0.115515071,7.047235156,1,0
14.48462077,0.583912926,0.024644751,2.016610289,2,1
108.77531,0.369325247,0.310470413,11.8242349,0,0
80.68343076,0.711150499,0.06478751,6.374206514,1,0
157.0472823,0.902513397,0.373562889,12.72850096,0,0
97.00931111,0.873963376,0.251647912,34.94706296,1,0
92.80143627,0.747591637,0.313528391,33.47921227,0,0
85.56183243,0.392206876,0.19589562,13.03594702,3,0
65.21537331,0.082527375,0.085477775,13.49801864,2,0
8.831382864,0.79548532,0.019518528,23.07686261,0,0
64.50550796,0.564435703,0.429119899,14.91257412,1,0
22.1551586,0.823502606,0.286643285,22.15957342,0,0
6.132331342,0.803241861,0.120528874,3.477137293,1,0
146.2790878,0.761414862,0.566329695,8.728500372,1,0
41.30263855,0.717912574,0.344547297,11.65270656,1,0
11.34187555,0.835309777,0.101271395,5.444207916,1,0
53.02778787,0.596945806,0.183775439,5.487386898,1,0
58.76546543,0.86414505,0.19153263,14.42884535,1,0
48.5175774,0.555689392,0.066264591,10.30606133,0,0
134.7764639,0.714608033,0.504565154,7.053987188,0,0
17.10199686,0.968561981,0.041275088,5.792082405,2,0
85.25445393,0.956222998,0.1173042,22.1524763,1,0
19.03760212,0.821226215,0.034339629,3.140568322,2,0
60.56275375,0.86977759,0.232178196,17.05907091,2,0
69.79157357,0.832154891,0.174472466,7.406541451,0,0
28.21623236,0.806699095,0.235091262,43.99541193,1,0
311.9461356,0.636368257,0.689318186,5.007152485,1,0
9.779328535,0.543971345,0.453776112,9.418647403,1,0
12.66966071,0.903867967,0.510551403,32.08623766,0,0
28.56876192,0.746803934,0.512686259,27.90853497,2,0
20.28574344,0.941528272,0.244233512,24.44755428,0,0
102.8626284,0.584586147,0.276980455,1.921292825,1,0
25.98777337,0.652306066,0.335445313,1.90540093,2,0
120.4462633,0.368601847,0.336234258,26.98403287,0,0
29.08734989,0.693917425,0.250682188,33.17011428,2,0
78.9993258,0.689038103,0.3881374,15.26994536,0,0
78.57490758,0.92817501,0.195345299,15.8729984,0,0
45.48053994,0.65029842,0.065253173,9.21845231,2,0
73.4618471,0.713798568,0.38671003,55.48150662,3,0
54.85663606,0.594052922,0.028599317,19.72050227,1,0
224.935176,0.88729382,0.143697994,38.06563752,2,0
278.2503476,0.874406628,0.281430964,23.59581448,1,0
31.58333684,0.835000478,0.186264884,18.9124845,3,0
61.59977467,0.35875905,0.159152201,21.86147986,1,0
104.7912603,0.817907294,0.059698799,18.10185527,3,0
65.63511037,0.700299025,0.218862323,17.69814422,0,0
201.5059244,0.897438365,0.184753625,2.808030296,0,0
344.5988017,0.464948314,0.675201994,62.21782765,1,0
8.54077692,0.938951892,0.214579539,23.78940398,0,0
26.86802334,0.59490258,0.481236768,51.59356506,1,0
121.233538,0.922872185,0.454707043,53.96301309,1,0
63.82517586,0.636044631,0.5626079,24.08350435,1,0
23.62669643,0.777647041,0.077043538,12.74365597,2,0
34.48083147,0.823097114,0.205697886,23.69875965,0,0
46.4434892,0.95586765,0.086454841,13.2083529,0,0
157.4151766,0.784947796,0.540059764,1.375670949,0,0
19.49762637,0.549014393,0.111862416,46.1973344,0,0
49.59675571,0.755945597,0.117399146,27.61810811,0,0
136.9106391,0.704875529,0.538832139,35.72365966,2,0
97.0299428,0.558970789,0.258217899,11.43394485,2,0
37.54297783,0.970135911,0.227722229,8.996286504,0,0
33.43665306,0.367956164,0.199597598,18.69469873,0,0
9.978646418,0.918796547,0.03545588,18.58442201,2,0
10.60831638,0.284874507,0.084879989,19.36935698,0,0
20.56056129,0.723357942,0.44753842,21.10847124,2,0
81.48622656,0.589863514,0.017042656,13.95732988,2,1
80.10383846,0.684171393,0.497001069,23.0755767,1,0
117.8495007,0.605647183,0.231197302,29.17444723,2,0
86.49142305,0.659827612,0.103990343,3.444403267,0,0
76.57959551,0.773502432,0.284658866,11.61752809,4,0
47.66671534,0.620521898,0.377672805,38.24146446,1,0
21.95917498,0.822042636,0.117522622,0.35050929,0,0
110.4252947,0.787854835,0.18672453,9.832156855,1,0
30.71976676,0.261004343,0.112108032,35.08842984,1,0
9.707536933,0.883937205,0.354170975,13.48993057,0,0
59.49334284,0.687603101,0.072234873,28.28105746,1,0
44.5589218,0.931099941,0.737731882,11.9685553,2,0
291.0113467,0.987479976,0.329642238,8.232306435,2,0
33.45773021,0.791050854,0.457030337,43.37274567,0,0
54.82421166,0.907790414,0.268911494,42.52977146,0,0
16.40289163,0.777169292,0.146975371,19.26430934,1,0
71.4102992,0.828649116,0.210397486,48.14748413,1,0
50.96428548,0.660074345,0.08511476,0.400998488,1,0
21.47087487,0.524093286,0.123310937,21.83096785,0,0
49.96727352,0.734287615,0.129417173,19.4859837,1,0
14.77531699,0.645061316,0.170961529,1.194143429,1,0
65.21467958,0.835290495,0.478271402,27.14631213,0,0
28.34286011,0.390189402,0.1177349,7.325658142,1,0
54.58190131,0.878071257,0.131138848,12.39368078,3,0
19.71662138,0.383133847,0.10933729,11.08682018,2,0
22.00933275,0.748161374,0.39575995,20.28942775,0,0
35.826004,0.895520062,0.047574124,15.68253724,0,0
79.61605993,0.839639678,0.40938918,9.175875911,0,0
45.25133169,0.692542433,0.099200839,24.60782666,2,0
6.057648303,0.538184138,0.433658643,26.99743816,1,0
69.64995318,0.624565693,0.365020751,22.34558437,1,0
37.23118568,0.721001287,0.477776386,26.58758976,0,0
67.71142677,0.834148664,0.341996059,7.557328129,1,0
102.3782427,0.730823866,0.20652354,7.897264669,1,0
78.93426544,0.71077983,0.359668212,18.95299976,1,0
22.63037244,0.805131473,0.467313533,21.62924816,0,0
30.38112258,0.700242334,0.097060379,32.94254116,0,0
60.71589423,0.830408907,0.209767938,18.18032249,0,0
91.40266207,0.581624504,0.0191609,34.94558743,0,0
21.86933389,0.508290883,0.039768935,19.3139142,0,0
24.39705318,0.590472606,0.651901102,16.23042195,1,0
18.35007046,0.541327558,0.201422319,21.37008108,0,0
56.21097286,0.800342113,0.437761134,12.27262183,0,0
22.76128029,0.671502193,0.279932285,10.87175876,1,0
261.8270042,0.832630463,0.295477544,8.54219867,0,0
79.3641457,0.658084917,0.04422238,24.06454536,2,1
105.2405962,0.345223248,0.276274459,7.462708134,1,0
66.21297363,0.720176576,0.255322166,11.81423032,0,0
25.2081695,0.921411078,0.37594371,44.34198233,0,0
5.249441048,0.643681319,0.455454612,4.455066797,1,0
131.1826431,0.773302608,0.202939254,2.766627003,1,0
52.11747851,0.538752939,0.055095786,36.29115,0,0
8.899460023,0.921949301,0.239741386,27.11585066,1,0
397.7938263,0.791089088,0.117158489,29.49468669,2,0
74.26774261,0.750384741,0.291064708,2.079761769,1,0
147.1509995,0.574286059,0.029407677,32.38722799,0,0
33.39155348,0.540128919,0.389955483,31.45984017,1,0
9.788228352,0.427723619,0.399672868,22.69004176,1,0
21.72315765,0.648795444,0.179782192,41.07761832,0,0
77.03083343,0.797444139,0.584162381,15.72646607,1,0
7.450975663,0.793823977,0.292856502,3.644210195,0,0
26.53505413,0.768391414,0.618616748,8.494249727,4,0
102.5891595,0.526497399,0.440565994,7.729646572,1,0
96.52183452,0.3009827,0.590739529,28.01920672,4,1
43.39521558,0.572070499,0.39925217,13.78422233,0,0
5.176597537,0.955132712,0.401524251,11.56730744,1,0
32.98492439,0.667858172,0.082857662,10.88960544,1,0
114.7772847,0.715937288,0.253338475,30.63272545,1,0
82.1313824,0.699603959,0.274201359,15.48940365,3,0
29.64962367,0.577080396,0.284138704,25.62440793,0,0
55.29493332,0.870222719,0.305332898,15.16646392,2,0
64.76512528,0.881159669,0.252587027,8.360833219,0,0
29.69265826,0.372560808,0.120602082,4.271144378,0,0
22.53743184,0.923010203,0.024971171,19.35578606,0,0
23.20271907,0.686883031,0.127025603,22.95615089,0,0
20.72341251,0.623931095,0.472079394,46.32318944,0,0
38.33982099,0.785739267,0.084620947,41.7602387,1,0
39.46218726,0.727303853,0.094644229,15.36326042,2,0
65.18817349,0.744665022,0.075792251,9.896896198,1,0
65.41605528,0.947022039,0.147579548,14.42326883,2,0
36.55540377,0.661479476,0.050285759,42.46098637,1,0
7.319294943,0.893772652,0.608104929,22.47121183,0,0
63.93492088,0.754235739,0.211631349,10.68229625,1,0
19.88829699,0.836550973,0.019089892,17.20722122,0,0
165.0278058,0.662623695,0.09339655,9.927065143,1,0
32.08179807,0.651285564,0.239602004,5.956391504,1,0
247.6522842,0.820490494,0.644707387,3.678105427,0,0
68.37236758,0.560940118,0.153090952,16.83156793,1,0
157.2409155,0.848856035,0.286033261,1.036791499,2,0
48.03121661,0.898931327,0.232553336,19.4979017,1,0
61.93038496,0.480071935,0.393346108,6.592131345,0,0
29.19622368,0.499807714,0.326026017,15.84385024,0,0
28.08802794,0.504043669,0.025668699,6.608177117,1,0
28.10192475,0.774249348,0.186331661,19.7350198,1,0
74.76029591,0.554599535,0.087759928,7.016229663,2,0
16.62604901,0.757285981,0.162596122,15.71259257,1,0
93.06809294,0.920788958,0.072964927,19.97136925,2,0
33.27087355,0.948744983,0.2065504,12.92931992,1,0
67.87222002,0.717529776,0.066316012,1.137265465,2,0
18.64399466,0.822279222,0.117833147,6.405262421,0,0
43.03010389,0.871146749,0.208329502,20.25138596,0,0
10.4279157,0.708251802,0.04961965,3.898988366,0,0
24.40770906,0.628423826,0.320721535,7.887771467,0,0
34.84746885,0.959335754,0.037330098,22.94405694,2,0
18.087657,0.869898424,0.433215271,46.79490135,1,0
33.83238617,0.489274403,0.088901754,57.54479317,1,0
44.61936851,0.831896538,0.137968331,3.612206601,0,0
45.24364294,0.685894253,0.082614988,8.51136024,1,0
7.899694001,0.851155494,0.028842567,2.883587978,1,0
31.79567611,0.585286286,0.498811263,20.11327415,1,0
34.13877287,0.740022408,0.145550035,17.12384691,4,0
20.49384686,0.599408796,0.325423553,12.24250025,0,0
18.74850086,0.833714746,0.542385216,7.351017137,0,0
188.5272349,0.643818919,0.427792557,16.4272619,2,0
79.16423527,0.65236507,0.074940295,29.64030485,1,0
89.64251948,0.73776193,0.117211859,6.96247154,1,0
105.2384056,0.717097642,0.060809636,7.805327344,1,1
19.11783128,0.695603687,0.352974635,20.36771925,1,0
32.95461757,0.377595434,0.08040399,4.424464424,0,0
9.817983966,0.758044428,0.078085537,6.194513045,2,0
47.03796076,0.746157005,0.037835343,17.11377066,0,0
8.742817967,0.408390279,0.360616869,6.20898921,2,0
22.68111531,0.496787429,0.034805207,12.99770031,1,0
73.38596808,0.679421589,0.428894694,28.64221042,2,0
62.30741518,0.789042413,0.114404891,13.39083097,0,0
18.44598595,0.535869248,0.030926181,35.39209788,0,0
19.70907068,0.745989459,0.52842328,26.71237989,4,0
114.7208019,0.631591399,0.528261295,32.07496278,2,0
57.78663463,0.732237185,0.4880556,4.494795497,3,0
27.02092253,0.986602731,0.192733756,9.793708232,2,0
45.39628374,0.868863316,0.0756292,17.23561242,1,0
44.66136828,0.772658344,0.232018005,28.87441392,0,0
17.09606863,0.593888446,0.222142197,44.99200004,2,0
25.96335412,0.868833832,0.059674431,50.10721003,1,0
7.506877377,0.780128261,0.330005549,17.44093657,0,0
48.93372096,0.647935512,0.256802279,20.34289665,1,0
43.21634343,0.760002049,0.1155432,29.69875327,1,0
92.74702353,0.778071189,0.122261789,6.756915375,0,0
92.17572359,0.543561036,0.145665619,8.675854844,1,0
28.12491024,0.752146985,0.024615709,5.674180246,1,0
145.5866863,0.917830778,0.50141461,12.8742364,1,0
22.52833946,0.847958066,0.193881522,9.061128205,0,0
85.77984923,0.75520819,0.467997056,43.05848918,1,0
26.69638939,0.476487308,0.303274623,5.888423468,1,0
24.61422514,0.649618821,0.157133233,11.87664055,1,0
14.95960528,0.697332359,0.283347646,25.01742436,2,0
38.48120536,0.960553542,0.322606882,4.226435707,2,1
245.9814816,0.817108132,0.116978502,18.12632617,0,0
45.81976348,0.736768657,0.409664055,9.220642259,2,0
59.053714,0.913023117,0.094454389,34.1366422,0,0
30.82882101,0.87185219,0.495209627,12.4032216,2,0
60.57893805,0.840654016,0.047160267,10.59250536,1,0
66.69377103,0.961894893,0.514798692,33.98874935,2,0
59.30728444,0.820354275,0.064085358,20.73697853,1,0
121.6806042,0.741401367,0.120057637,8.688348578,1,0
39.72647043,0.765413378,0.060561981,4.024777627,0,0
56.64890552,0.91046509,0.099169538,7.300366663,1,0
139.976053,0.738764852,0.123820024,11.26714125,1,0
66.92933339,0.723673827,0.09571978,9.798975011,1,0
22.28918478,0.382402898,0.352684495,15.25917734,0,0
112.7292351,0.664086346,0.086871518,20.71635363,2,1
67.8432762,0.633533959,0.057142196,17.9035491,2,0
21.32965431,0.720928339,0.02943873,9.158164113,0,0
21.79738801,0.960905242,0.209514841,24.40953676,0,0
29.70684139,0.9140789,0.19845262,6.408969859,0,0
78.86262407,0.82668916,0.045909284,11.07240237,1,0
53.26026439,0.82061923,0.152158218,16.18308777,1,0
89.7162824,0.913303113,0.69961246,13.91402107,2,0
293.9900792,0.708258135,0.599808347,11.46997017,0,0
163.7396885,0.724674909,0.297411498,20.46031234,2,0
44.68032478,0.688994096,0.651936197,10.39631733,0,0
24.04483274,0.591500634,0.290105535,37.32436717,2,0
124.6873336,0.668524219,0.219886737,3.757422104,1,0
23.21467766,0.873090801,0.217174637,75.49790398,0,0
21.92551038,0.260991858,0.138273527,7.52898304,0,0
37.30742846,0.838111513,0.157744669,2.756122867,0,0
51.29132051,0.755941761,0.222691568,15.83029257,1,0
33.33657172,0.766205563,0.437183321,3.760854606,3,0
50.5773903,0.806548977,0.203323906,19.39385549,0,0
4.760247454,0.796921849,0.538444096,10.59792624,1,0
30.46713854,0.783379962,0.44930664,16.30262367,1,0
42.0735648,0.777104778,0.229324599,11.79245509,0,0
72.19696976,0.572336786,0.397766292,4.323655897,1,0
54.12662401,0.854700879,0.286219455,21.39704715,0,0
34.15965084,0.549138802,0.199240475,6.526905247,1,0
301.3664093,0.696819706,0.368146938,10.47329709,1,0
90.01573582,0.879826836,0.21712597,16.38274783,0,0
67.36094057,0.674598803,0.125636162,19.36463234,1,0
52.72623615,0.798501092,0.437292939,63.60796496,3,0
59.3545756,0.488896076,0.150113997,32.28764515,0,0
21.32497084,0.6836435,0.227897092,21.81446664,1,0
18.09862082,0.585291322,0.046863557,51.51554398,3,0
49.40224554,0.71896902,0.33835094,9.061849328,2,0
11.48360845,0.90718339,0.087720412,32.00583273,2,0
66.07402244,0.74805514,0.219809316,27.57126181,0,0
30.07744722,0.664773258,0.163812703,15.78459813,2,0
72.31790016,0.74642391,0.538037743,18.09199261,1,0
45.13717104,0.422854297,0.381729421,16.59881498,2,0
21.16734164,0.698324193,0.528178377,16.1840859,3,0
23.34485125,0.852162594,0.042596089,8.076411618,1,0
29.49700317,0.928782719,0.357616486,11.86644442,1,0
116.3878702,0.612659901,0.598960044,24.53921704,1,0
123.5116034,0.728592822,0.225176034,54.05915128,1,0
35.27751129,0.793720373,0.115488182,6.032596823,1,0
45.64705877,0.82020746,0.076816234,9.841482236,3,0
21.67521618,0.963136558,0.367213238,12.79200002,2,0
126.9407364,0.921807999,0.216483877,12.63629867,2,0
49.80675664,0.831561825,0.194454662,23.65329002,3,0
24.47424886,0.80444127,0.445085062,17.12015292,3,0
14.38757398,0.784329459,0.374565788,8.110341112,1,0
62.06021635,0.601345904,0.462706955,20.03765348,3,0
183.4199177,0.524677077,0.170746242,10.62139715,0,0
44.07953714,0.529672734,0.317759996,6.937708493,0,0
20.02438436,0.846377455,0.406841962,15.44171981,1,0
20.43216985,0.869040489,0.14203169,6.191380779,1,0
25.93145148,0.228174108,0.141337126,25.6793219,0,0
6.632027673,0.906115544,0.141066191,20.05849896,1,0
83.7594524,0.441976623,0.162291997,25.26177338,1,0
25.82741749,0.623820528,0.339878991,5.026784448,1,0
9.421466331,0.910226186,0.191375324,4.220496262,0,0
3.89035422,0.607207341,0.25537828,17.13947576,0,0
53.30373433,0.669845962,0.272046033,34.82046551,1,0
48.02444988,0.634269124,0.109839336,16.11300089,2,0
126.501595,0.584670779,0.112373255,27.02414024,3,0
89.90482728,0.776434346,0.102257337,22.08606519,1,0
29.16949601,0.448821873,0.17747619,7.952470283,1,0
10.22626286,0.90149029,0.251676152,17.24864296,0,0
47.7663231,0.655680502,0.286415221,25.45680254,0,0
25.52635354,0.787549582,0.39229004,29.2803708,0,0
43.27719177,0.569733166,0.206467217,32.71854458,2,0
11.34581616,0.792873136,0.076885035,29.62752278,0,0
31.81963775,0.574768183,0.239041715,17.02329562,0,0
33.71555895,0.650578235,0.324510932,24.29285456,1,0
14.48952475,0.765510425,0.041558462,19.89144852,2,0
9.953114917,0.702460439,0.17256718,14.24633575,0,0
6.849665486,0.755890435,0.153544998,18.7887821,1,0
42.86191912,0.693031075,0.521106012,3.365722192,1,0
105.7120649,0.430627945,0.288588839,12.83224105,1,0
39.16405887,0.744064665,0.078324944,15.13625852,1,0
5.133529208,0.522880435,0.677551061,15.37017739,1,0
38.81673878,0.928779185,0.19395838,31.26250382,0,0
10.54828614,0.688522206,0.059783834,26.37025625,2,0
48.85929663,0.428605344,0.20702588,20.6716725,0,0
160.9975688,0.785932646,0.19722844,16.22951578,1,0
53.32390528,0.780698502,0.150338702,12.49082042,1,0
5.085941869,0.655049564,0.354979849,20.14930332,1,0
93.20333637,0.781919002,0.103960491,18.09400446,3,0
52.58595625,0.139282915,0.027135464,11.99504414,0,0
181.9758127,0.551794366,0.139548002,22.69774102,1,0
60.33012384,0.888429195,0.204500657,8.276818222,1,0
70.26165585,0.820810626,0.279767795,12.60252648,1,0
9.590607723,0.573409563,0.119852233,0.834241004,3,0
126.3408165,0.755516127,0.600728555,3.38829525,0,0
14.96698615,0.899545314,0.118046767,14.54456151,1,0
8.048294943,0.559331676,0.187321119,18.30340508,0,0
60.50300592,0.53922156,0.0714332,11.91159863,1,0
72.33183602,0.677641305,0.25799369,24.45931333,1,0
128.3908405,0.978017412,0.190092957,16.64771553,0,0
101.5558545,0.835960155,0.145751468,20.1858022,1,0
54.2514865,0.818961955,0.114665728,6.684243546,0,0
52.62907572,0.916897617,0.262179397,22.67293013,3,0
80.50127538,0.905413028,0.094091475,12.92738635,1,0
53.9185171,0.644539473,0.155771294,9.796051706,0,0
58.31856409,0.96833802,0.633491829,3.537523122,1,0
7.948949315,0.647594784,0.189458077,11.18675234,2,0
37.03307265,0.856537953,0.296828127,14.8582421,0,0
30.12219073,0.715125437,0.470059085,7.630699787,1,0
60.74823628,0.87753261,0.037365769,6.703528702,0,0
21.40319765,0.888363595,0.477326509,50.90150932,1,0
85.51772747,0.36357215,0.052296643,2.963134725,1,0
73.3896445,0.877844407,0.184006041,12.42183769,2,0
16.42528029,0.927350206,0.087638093,14.98253557,1,0
41.28157743,0.635626552,0.225088258,16.87784665,2,0
62.48449818,0.795809117,0.143277173,23.71347053,0,0
16.98117524,0.656891769,0.261692856,14.05355743,2,0
5.85650184,0.833305804,0.239111838,12.57224576,0,0
33.1148738,0.543356752,0.376353501,4.345287778,2,0
49.18209951,0.785559907,0.352562966,12.32481068,0,0
41.00767551,0.738051662,0.18874131,10.22155484,1,0
96.28227277,0.849308092,0.490766309,74.04619943,0,0
51.33794502,0.932713232,0.142388964,2.557260448,1,0
146.8246926,0.72719298,0.109551331,9.286250892,1,1
25.62836306,0.671642097,0.134530142,2.908009425,2,0
151.8470299,0.948496637,0.271919231,20.3931799,0,0
32.04494569,0.693783057,0.568208731,8.099648577,0,0
60.38525437,0.839456702,0.525012326,43.69791885,2,0
8.986726705,0.724767169,0.091055378,11.69139463,1,0
21.73608089,0.747911917,0.319357225,6.845219496,1,0
104.8150979,0.721848964,0.365403787,44.09723552,2,0
42.66717358,0.783057091,0.470957062,5.361774295,0,0
40.78398928,0.972912545,0.106559827,27.48616814,0,0
15.38510087,0.755451349,0.414947245,12.18440215,0,0
76.41877616,0.556157947,0.067290127,22.65402014,0,0
18.18793389,0.866951745,0.482494584,6.264867087,2,0
130.5623671,0.543432975,0.119593075,6.038391822,2,0
66.17586478,0.743745242,0.028838666,42.41088486,1,0
25.79575043,0.493470293,0.067069662,39.82358706,3,0
21.00035687,0.642485397,0.32863088,0.54842365,1,0
26.54907978,0.856313774,0.037035907,50.31819606,0,0
54.73724634,0.687659941,0.218757037,19.7221078,1,0
49.42141584,0.728789734,0.280749147,6.444024191,1,0
11.07126621,0.672583869,0.649906772,13.77307799,1,0
53.42580574,0.869949321,0.134523687,10.77718639,1,0
17.11968478,0.689828099,0.405596425,8.506802019,0,0
176.3595816,0.444045045,0.677913154,22.90103,0,0
8.907134869,0.710598861,0.125178823,12.38347231,1,0
85.75005723,0.586617914,0.118603348,6.985527098,2,0
15.52228626,0.81834247,0.202535888,15.55174763,2,0
54.94403757,0.550832717,0.202231744,19.49434065,3,0
104.3806893,0.622832447,0.575729222,22.56832789,0,0
59.02428796,0.878064639,0.408487346,22.56459819,1,0
15.76067592,0.75177926,0.236975507,14.16133271,0,0
11.75428966,0.748026076,0.256044016,18.32590134,2,0
132.3188259,0.490005669,0.218043454,7.542407738,1,0
21.14847145,0.728970425,0.31098743,4.945244201,0,0
75.76438455,0.491993469,0.318519804,1.984187669,0,0
105.6891437,0.653950029,0.214329913,8.876598534,0,0
10.71070421,0.695583657,0.190225018,35.72771767,0,0
197.2735939,0.792969696,0.131664691,10.84806178,1,0
36.53001487,0.738345216,0.203772024,12.26521296,2,0
34.50071585,0.364878118,0.158271448,34.32456153,1,0
18.34642823,0.927548924,0.421596555,9.912425822,1,0
48.73958523,0.792408876,0.248304699,9.154765194,1,0
59.56583254,0.694822882,0.555307241,9.063202548,0,0
94.21275816,0.915412192,0.250594705,19.07999416,1,0
93.19255561,0.915098251,0.198942536,6.555535381,0,0
92.38717817,0.543508236,0.186290207,4.535268117,0,0
37.02900752,0.919776399,0.573511015,10.90686259,1,0
37.5806018,0.83728426,0.436517016,2.049613628,2,0
44.86305068,0.82301864,0.222467905,4.606237113,0,0
47.14859825,0.800793841,0.150121972,10.8288846,1,0
112.1151753,0.479750717,0.195277594,17.81587292,0,0
84.84675004,0.633167874,0.172904074,10.80478814,0,0
35.52451,0.637483388,0.148149842,5.264644507,0,0
19.33765098,0.921698249,0.064320107,21.59564261,1,0
8.733374766,0.606071039,0.430609473,13.91404445,2,0
33.97525226,0.593900818,0.200682608,24.61715711,0,0
41.08328014,0.705024511,0.409145253,3.461105744,5,0
9.002726732,0.529767558,0.398642883,57.29413865,0,0
30.30766966,0.720496897,0.14004062,45.71959529,0,0
49.58604345,0.590582311,0.324911511,8.214980284,0,0
48.13276139,0.302501497,0.121498566,28.91366635,0,0
13.02053581,0.712409025,0.01695992,3.161300894,0,1
23.64253108,0.811108114,0.211069524,7.831674312,0,0
12.55761912,0.733060676,0.333950062,1.748365537,2,0
80.056734,0.833517489,0.011653143,12.4270048,1,0
50.51461736,0.444202756,0.340863896,11.68807674,1,0
325.9467222,0.485480895,0.065556657,34.37727382,1,0
24.97527499,0.791544934,0.395478725,7.205116756,2,0
136.9331081,0.68459584,0.353517287,14.73801264,0,0
41.51891235,0.687671731,0.256870937,10.85809979,2,0
43.31571157,0.196444357,0.022990264,15.70982949,0,0
94.24696916,0.711268826,0.417214713,0.682495636,1,0
8.586008046,0.653262179,0.077255095,86.62637084,0,0
15.51675974,0.822021024,0.374778257,8.384812678,0,0
137.128121,0.729582166,0.038806171,33.11166201,1,0
90.51913578,0.805003462,0.110900777,10.98649077,1,0
181.3751266,0.536968403,0.025109685,12.93164899,1,0
63.60373982,0.870775973,0.136803323,42.32907004,1,0
27.60616614,0.793255345,0.597340665,15.25464579,1,0
80.45603765,0.735662183,0.139149541,4.980220462,0,0
28.52551943,0.634143431,0.089492319,40.77268336,1,0
38.32229014,0.850084107,0.255018332,7.421407592,1,0
36.7116359,0.844422811,0.074529831,22.52164422,0,0
20.21387426,0.684697937,0.338557672,10.43177221,1,0
221.389085,0.890556619,0.235910722,15.19314982,2,0
72.25485907,0.504198612,0.185697846,31.88513114,1,0
45.09897408,0.47968433,0.235031796,6.852070989,1,0
55.52388663,0.66904484,0.24570689,7.563237135,3,0
25.63914819,0.8479531,0.403452739,11.77183219,0,0
30.04285663,0.411151593,0.191992905,34.72190375,1,0
44.62948373,0.610551026,0.245100044,6.124352252,1,0
52.52746674,0.86388412,0.117531958,7.562555075,2,0
7.116875598,0.928708914,0.184334486,8.704088122,3,0
116.3025476,0.589360608,0.066914526,23.93826784,0,0
7.80663657,0.446858857,0.063535603,17.11502648,1,0
18.64534851,0.64842542,0.527972973,13.57657866,1,0
13.22204012,0.921893407,0.012854807,34.5815756,1,0
44.0394376,0.807058317,0.506453664,16.94670159,0,0
9.800490693,0.792879526,0.114422615,18.30676445,0,0
89.2515677,0.513469718,0.058806025,7.674251759,1,0
70.30665153,0.939924537,0.130495832,25.21491793,2,0
85.06895805,0.798058258,0.020002469,12.02022338,0,0
76.58340842,0.441922623,0.414773185,12.90676146,1,0
30.98689907,0.694002844,0.215334841,28.28472346,2,0
49.07747237,0.895984884,0.159869409,4.375909317,0,0
18.62936122,0.941029524,0.072346018,13.83070052,2,0
28.44368485,0.685513815,0.271632533,13.41176887,1,0
57.12529117,0.807191642,0.052308296,19.61891866,2,0
14.60311126,0.608269379,0.329249089,12.19726717,2,0
31.70670731,0.830814695,0.479028116,9.224279501,0,0
26.95523648,0.843078782,0.194634439,10.13810669,0,0
82.30619932,0.878101209,0.131302447,19.98841548,2,0
61.75113769,0.681450081,0.244162017,4.40599317,1,0
28.38718333,0.938474301,0.239126638,8.503972773,0,0
76.49275851,0.524145559,0.252013804,13.11710213,0,0
190.7728483,0.666777619,0.048860054,42.40405448,3,1
97.22437823,0.709340665,0.211293249,14.5386833,0,0
43.5845942,0.802037139,0.163542935,11.69040967,1,0
44.78188974,0.724509887,0.217675431,24.73921818,3,0
18.56775831,0.349683163,0.192299684,5.3433463,0,0
26.18530029,0.78523177,0.087437645,40.23145356,0,0
50.56499383,0.87462962,0.302443192,39.65726573,1,0
54.69308256,0.484073211,0.252081948,7.99490562,1,0
12.86838358,0.843914938,0.096921221,1.319320352,1,0
14.85329329,0.277015273,0.099875996,10.02974797,0,0
15.07997637,0.697512607,0.144945433,11.94875535,0,0
15.98786437,0.851466939,0.307582503,13.47953168,2,0
24.15885405,0.938450501,0.321322896,4.696803134,1,0
35.3478523,0.464211193,0.452540325,10.15871788,0,0
15.56523782,0.568548817,0.09751154,15.10304764,0,0
22.8746408,0.863651762,0.120745545,2.97713708,1,0
8.199746952,0.407157952,0.064714,24.43953747,1,0
33.01127639,0.481037645,0.492017519,11.47388244,2,0
48.05240452,0.65811681,0.135867702,14.99353942,1,0
25.53638155,0.561799514,0.089044676,21.09840842,0,0
11.25937671,0.526749491,0.039143567,45.56020734,1,0
268.4843124,0.689784506,0.408333829,27.73505981,0,0
20.28973741,0.460312467,0.108066489,9.79223458,2,0
55.12711154,0.808245072,0.139474787,7.371909074,1,0
6.825515567,0.569564042,0.453727371,8.585014798,0,0
21.45693368,0.581492551,0.110508408,4.934474968,0,0
43.60702533,0.808934274,0.513920232,12.04768333,2,0
36.57091371,0.907734363,0.054721759,27.34839889,0,0
43.97264607,0.837530375,0.351493522,14.3952555,1,0
40.64717346,0.714968224,0.416897011,29.29515576,1,0
21.35364824,0.582369135,0.14943903,61.9426658,0,0
18.845808,0.732668111,0.268735174,19.46542672,0,0
33.31650621,0.778392006,0.156104717,14.80187897,1,0
22.89982513,0.687843372,0.355697767,43.56828412,1,0
23.88443791,0.586598444,0.068586087,19.34397026,0,0
53.46238356,0.623316115,0.039381712,16.28599819,0,1
46.19388572,0.783787543,0.471993094,16.59545105,1,0
26.67087004,0.799778372,0.024867274,16.52044316,3,0
91.19869508,0.676231056,0.008990383,58.59457043,2,1
36.39519847,0.654140058,0.174457986,15.82607575,0,0
31.5792573,0.567506484,0.583608798,25.93074536,1,0
74.34869531,0.985980061,0.640377605,31.10736749,2,0
46.76992748,0.720503455,0.580551489,10.52619072,0,0
10.8139701,0.814415907,0.197274639,14.48935158,1,0
55.62517267,0.752785869,0.494723742,17.61340363,2,0
10.62999882,0.539407529,0.311699243,10.80221261,2,0
29.79527013,0.861920121,0.114374338,8.027447621,3,0
48.39114413,0.481407006,0.083106097,73.41317128,0,0
64.66940425,0.435397169,0.207012419,16.19885578,3,0
18.61682989,0.702518747,0.227323083,20.00753309,2,0
28.65297665,0.710002716,0.188384499,52.32676623,1,0
71.34563424,0.771197959,0.123852079,11.55276668,3,0
192.0380922,0.898723509,0.073400392,20.93840883,2,0
185.3517657,0.429677452,0.15365766,16.10866657,3,0
75.6922799,0.708923332,0.023125321,19.48009423,2,1
146.2360902,0.779900542,0.400118296,20.69187399,1,0
25.13062698,0.706024395,0.224082036,10.00676514,2,0
32.3411841,0.584174045,0.00292356,6.165753015,3,1
74.00074429,0.996597104,0.034197154,22.77376415,1,0
73.98018641,0.749135061,0.18839097,11.36818109,1,0
11.46531897,0.581406309,0.081524549,8.181082115,1,0
99.47036657,0.290395794,0.365418052,27.77702785,2,0
19.65714319,0.730212287,0.289500294,2.388920347,0,0
35.63595988,0.47988472,0.369737767,37.98509049,3,0
15.51842561,0.516422316,0.020893791,30.90185101,0,0
29.38685721,0.785952619,0.523500588,4.00415782,2,0
91.17955682,0.568205667,0.01259875,16.76424619,0,1
13.8622162,0.611218904,0.05821719,25.46046989,0,1
23.49399133,0.846117993,0.137586191,35.91990583,4,0
39.21945613,0.686708559,0.144233839,6.198815681,1,0
62.66746643,0.598513366,0.558039365,26.26576981,2,0
153.592428,0.925647838,0.132886355,9.876342209,2,0
43.38693774,0.759746101,0.151820086,22.63340035,0,0
91.01450446,0.963866893,0.206103202,22.714311,1,0
11.33065434,0.761588893,0.496561481,24.26973002,1,0
25.72022029,0.697298833,0.204535716,33.58443366,1,0
5.826913006,0.486773456,0.196461755,30.82676708,1,0
98.78007687,0.732183076,0.117654697,4.355189741,2,0
24.73848562,0.41180263,0.199655414,22.66741628,1,0
63.88006911,0.861976836,0.120589343,4.861199179,2,0
16.86848477,0.583314367,0.174397631,11.35543879,2,0
16.28934655,0.487334409,0.392273505,36.552632,2,0
17.48153711,0.299835008,0.117859554,11.81559215,2,0
22.20074626,0.718817276,0.529855589,5.738438387,0,0
30.70208802,0.752188811,0.286218806,28.71662387,1,0
9.914021906,0.586166107,0.182852826,19.23092778,1,0
41.80972268,0.582957443,0.194048339,12.45492755,1,0
61.31217095,0.343802117,0.302276079,8.066637608,1,0
9.120273198,0.753530089,0.04835489,1.88940359,2,0
11.2840316,0.800993995,0.245450758,6.960170036,2,0
15.51489446,0.954803059,0.238087744,11.49809691,2,0
18.65777881,0.554856931,0.136520567,25.1060045,1,0
155.0715752,0.461696795,0.33368052,15.11325435,1,0
70.26258402,0.583809308,0.274297522,50.40190256,1,0
14.07295123,0.652908819,0.29968141,25.12523427,0,0
340.5015999,0.904397089,0.760130317,7.936025694,0,0
73.55315127,0.554075466,0.163777949,2.60024746,2,0
14.01541018,0.651063697,0.17255029,13.53281424,7,0
10.02776461,0.885448936,0.724102523,7.007742639,2,0
52.77435394,0.608970454,0.313105261,17.79964452,1,0
10.18887399,0.617300254,0.344206999,29.46172793,1,0
43.91526568,0.648908924,0.083211225,12.20296066,0,0
77.77526809,0.85602251,0.205816389,4.746679361,1,0
19.59926069,0.840556442,0.041829806,1.983122812,2,0
21.31144817,0.87265639,0.043712216,33.7267642,0,0
19.72353829,0.585166019,0.251906143,21.56257307,2,0
109.8548969,0.948885111,0.45774302,19.54767624,1,0
65.13689282,0.579415973,0.37240264,11.34932292,4,0
57.42425636,0.28493584,0.435454634,26.03764063,1,0
76.22131347,0.912365774,0.274259105,15.84180256,0,0
38.00873279,0.795983267,0.601291244,23.07404845,0,0
23.13435956,0.658540682,0.190911277,38.16159061,3,0
49.95846096,0.926175317,0.431126842,32.57233992,0,0
80.82370863,0.780313238,0.182785524,17.24966591,0,0
34.43184699,0.825611675,0.203811002,3.176009913,1,0
32.62314183,0.732360129,0.723827579,3.988199337,0,0
18.27604903,0.683428349,0.216247393,25.25875589,0,0
119.3817047,0.91526997,0.10486453,20.29705385,0,0
72.5639375,0.322886189,0.110412959,19.16748163,0,0
46.54687967,0.912470898,0.29987202,27.27885498,2,0
46.17571336,0.916720824,0.240416007,10.56558656,0,0
53.62924779,0.34582644,0.402720994,15.36862602,0,0
42.51009728,0.877025842,0.250139418,34.89173413,0,0
87.65652233,0.451145957,0.278743338,13.74997852,3,0
46.66661701,0.625611369,0.127656263,30.03190956,1,0
73.87516426,0.556504524,0.09444252,20.88861798,2,0
42.38545912,0.718557505,0.06449084,27.60354629,0,0
25.42677117,0.567182813,0.534158533,3.858825918,4,0
100.5965767,0.461218192,0.291766886,32.14479337,0,0
102.8650084,0.491318588,0.553718495,27.35794416,3,0
138.5384928,0.731221539,0.1096236,9.985857057,2,0
28.72501907,0.569677621,0.31182042,9.535701457,1,0
24.37663959,0.552464242,0.177946196,8.019621348,2,0
9.123676456,0.89964131,0.231829845,21.84303881,1,0
42.31660484,0.805075672,0.198367054,30.63934651,0,0
20.87389431,0.434017107,0.085497897,9.669578394,1,0
105.7051704,0.84336574,0.194796917,4.713001088,1,0
15.94968,0.3030963,0.21929822,40.57954179,1,0
86.96472188,0.653246726,0.040454525,18.35487486,1,1
15.04213123,0.376216567,0.660072962,26.99214472,2,0
36.81207217,0.737391411,0.089843391,11.80382327,1,0
111.8070291,0.769241879,0.419566714,4.437816225,1,0
27.73802393,0.719362195,0.165085421,14.56854505,1,0
55.26253182,0.657642405,0.333980414,18.09619909,2,0
70.93073646,0.657653374,0.45897071,5.509075854,1,0
13.73858036,0.753417532,0.299216006,12.998657,2,0
246.6549143,0.647427028,0.149984979,4.722367518,1,0
13.71195982,0.511136737,0.083611418,15.74264543,1,0
31.85604134,0.717915498,0.28064865,52.52767251,0,0
47.43440374,0.762641165,0.243102146,8.727439952,1,0
56.19361159,0.802499007,0.002129591,9.742058903,0,0
90.43083416,0.839863407,0.368132215,24.8082701,0,0
105.1090338,0.895272738,0.264467646,15.36058243,1,0
13.83628705,0.651949799,0.15208501,5.751426312,0,0
35.34966154,0.792642711,0.126908362,23.16786655,2,0
7.665334773,0.949002777,0.464440246,28.2491707,1,0
50.43111837,0.804796387,0.13247403,0.930942176,3,0
23.63504936,0.672424314,0.004890691,2.75029324,1,1
53.46738041,0.584591914,0.241880803,41.14471072,2,0
10.2755274,0.821865467,0.227442816,23.76383575,1,0
16.39331839,0.86600767,0.484068825,8.837370243,1,0
60.14335349,0.684926928,0.20252258,50.01693007,2,0
72.00575169,0.572943588,0.142696277,34.47842689,2,0
31.16699312,0.867935881,0.182022029,51.61376328,0,0
28.04236081,0.495433927,0.320254585,67.30271278,0,0
25.79032765,0.530022863,0.243989742,52.2732669,1,0
25.23779076,0.582739605,0.241469826,2.97948805,1,0
24.8671859,0.848877806,0.121218761,12.03665536,1,0
315.0221892,0.845588728,0.079623935,15.14020321,1,0
71.55500026,0.62542482,0.117929062,22.39397493,2,0
11.22422353,0.801988715,0.161715473,20.31695307,0,0
28.59214638,0.863276372,0.511349358,10.6939238,1,0
17.82075307,0.514392159,0.018370744,13.77243312,1,0
45.90568337,0.870960568,0.14758818,10.34028001,1,0
223.423762,0.774165206,0.167866458,7.440325749,2,0
109.2902413,0.94571845,0.149720498,55.29383526,2,0
45.39720355,0.87599738,0.234942423,25.26294291,3,0
55.72504654,0.79338254,0.124826193,28.38092767,0,0
36.58829194,0.610691509,0.142451623,3.588421453,0,0
18.01581216,0.453118568,0.343627644,2.994779475,0,0
25.07745574,0.977320423,0.228050159,2.211383349,0,0
98.41048837,0.350259553,0.297133324,10.36581107,3,0
11.43518097,0.96026974,0.287519637,33.54722606,0,0
112.2646481,0.406334983,0.265755832,44.85804255,1,0
263.1475648,0.261778276,0.385532225,16.42279901,0,0
42.8269165,0.766834109,0.075395811,18.54621565,0,0
100.5147637,0.468064498,0.149299018,30.35280926,2,0
47.21232243,0.432718199,0.264284538,28.55839857,2,0
32.44290651,0.516088581,0.096783141,21.85923208,0,0
7.926453341,0.564168982,0.08235207,18.02989581,0,0
22.5837036,0.923064556,0.273087407,39.62705116,1,0
140.8038786,0.511992391,0.158759648,25.62788849,1,0
43.43038514,0.472109366,0.15750751,6.403679661,2,0
31.55827171,0.850508275,0.11412442,9.611958899,1,0
143.5355067,0.595742599,0.284333458,16.66522253,0,0
38.45919961,0.809390015,0.265121559,27.58182566,1,0
8.427586068,0.788017265,0.146444295,28.72192603,2,0
26.48734274,0.925638734,0.216357799,23.57507534,1,0
136.789286,0.713212187,0.270493756,7.289939281,1,0
102.3946165,0.753319677,0.101454856,8.935236514,2,0
31.41050491,0.821238676,0.204811966,8.392176977,0,0
79.2248687,0.456701333,0.048196389,16.26092227,0,0
37.38908833,0.82098655,0.007995212,39.89107241,1,0
295.1101987,0.520104058,0.067161852,19.3411126,1,0
74.9410503,0.754435068,0.701823228,41.2923203,1,0
108.5654177,0.932211503,0.282781868,8.032977907,2,0
61.68579393,0.722552723,0.086961279,7.986531448,1,0
100.9841565,0.817422562,0.19079625,7.970993016,0,0
73.30228487,0.599709043,0.226526507,18.07996175,2,0
46.33610599,0.716854499,0.261977246,11.1781137,0,0
29.96834407,0.919577661,0.147476595,32.38296433,2,0
32.66793231,0.672942698,0.243057158,10.54678561,0,0
39.03454103,0.677781232,0.272648525,39.05485235,1,0
80.12734405,0.864724213,0.63345872,12.38424654,0,0
73.33548223,0.667794251,0.239180692,8.03283935,2,0
133.1509386,0.716048437,0.129271409,18.41258865,0,0
37.87776638,0.60672422,0.498039411,13.74420443,0,0
50.66649073,0.725142575,0.116448976,4.704529017,1,0
8.095187182,0.868439588,0.147282363,27.71597819,2,0
24.6136546,0.893104839,0.198273203,47.21139779,0,0
25.45603274,0.477458517,0.316125691,10.04073075,1,0
42.72471317,0.583479816,0.240857661,14.21315437,0,0
47.40763402,0.67965013,0.212795394,6.764090175,2,0
28.9180084,0.509178348,0.155731424,20.04736037,2,0
58.13664642,0.404433612,0.55476523,18.13408885,2,0
29.16334015,0.494578442,0.101955476,26.08177927,1,0
41.64168702,0.548631628,0.386278989,5.830184671,0,0
25.40570951,0.882526929,0.159339113,29.59840979,0,0
48.97327852,0.733971409,0.168530776,32.31432534,0,0
26.02612147,0.874482857,0.321199156,3.785408641,1,0
34.86956849,0.927501037,0.35276133,30.64582248,1,0
21.82697474,0.590601572,0.102308219,29.31085478,0,0
14.16545803,0.834056155,0.31261588,24.03299511,1,0
116.2402286,0.735675916,0.122278098,16.41726714,2,0
22.47140233,0.793767146,0.337269665,43.39830316,1,0
96.47362198,0.734409133,0.310802307,29.54935919,1,0
31.30882794,0.675344814,0.077227295,25.60688377,0,0
39.95739813,0.948332742,0.099667987,2.315239712,1,0
43.44215678,0.84385811,0.154424259,10.29190261,2,0
20.29856518,0.777148296,0.304531753,14.70476922,1,0
10.4417434,0.80660831,0.346291041,15.27149264,0,0
76.00826278,0.730370777,0.094773983,11.83312748,4,0
48.2510165,0.756917952,0.431084179,69.6307469,2,0
10.92029566,0.838355673,0.006985124,11.73227753,0,0
22.68904484,0.814414287,0.27418644,18.4466376,0,0
24.30762937,0.957698283,0.455943952,14.57700282,0,0
96.63620566,0.602661332,0.430595045,18.64533603,0,0
60.99012749,0.876715825,0.494978742,11.2174193,2,0
39.84320369,0.826314372,0.042881928,14.4805317,5,0
97.7762835,0.573661464,0.300616284,6.520697886,0,0
56.02701516,0.717853812,0.131965885,24.8508728,2,0
22.45285172,0.403130324,0.117418647,14.38706638,3,0
13.24806769,0.697077197,0.30755989,22.23377857,1,0
87.9806872,0.429553984,0.022969037,49.50105814,1,0
10.28167252,0.46196982,0.350902438,12.22361545,1,0
104.4959906,0.330863282,0.469665346,6.717066453,0,0
9.589000781,0.909900604,0.149587189,11.69754441,3,0
23.68975768,0.652476446,0.280770095,11.29948591,0,0
106.5734555,0.909027077,0.391064985,25.51590842,1,0
81.48787948,0.388872576,0.471170009,43.52162909,0,0
102.2339628,0.503414399,0.233819232,46.95725964,0,0
12.18613534,0.734896966,0.230385668,44.01668647,1,0
31.38160521,0.596659503,0.579621102,11.02207111,1,0
38.1191478,0.45707903,0.594901847,23.66079539,0,0
28.69022948,0.816170381,0.430103772,9.60277998,0,0
24.89517514,0.705618862,0.244398412,11.59483303,2,0
50.45827185,0.771588783,0.077569335,68.25309909,1,0
40.12482729,0.439350593,0.410381551,25.98162964,1,0
18.51035642,0.551570269,0.502614936,12.99956678,1,0
25.25807992,0.4903602,0.313530018,0.634064365,1,0
32.15366396,0.887466902,0.134967716,2.829876285,1,0
38.77543362,0.889402996,0.319447707,17.60432936,1,0
32.27335183,0.488417758,0.107128972,1.764601124,2,0
11.66880018,0.809874948,0.05555375,11.27946436,0,0
42.70355504,0.89012059,0.286576291,8.439384429,0,0
59.45096117,0.728277412,0.248641528,3.172569517,4,0
140.2402415,0.479168431,0.183787477,26.47423217,0,0
26.58604635,0.86920915,0.287086581,47.80290326,0,0
82.91955822,0.38100213,0.180525934,11.13686753,1,0
25.7773961,0.564592569,0.298035443,69.67055966,0,0
110.4173272,0.833606405,0.059671838,14.81483521,1,0
36.36804991,0.928376015,0.087110806,10.57415217,1,0
43.93959347,0.829650694,0.198165624,24.06387525,1,0
34.26729099,0.812618707,0.318052804,13.2409544,0,0
46.01890675,0.83692509,0.36599232,13.23233471,0,0
47.08932286,0.960667105,0.067988456,2.585838395,3,0
13.44722948,0.542134479,0.211968335,43.18989702,0,0
69.31229062,0.568207423,0.327550113,10.92789807,1,0
18.07565914,0.568734698,0.328476921,17.3884038,1,0
35.31460739,0.613358496,0.018872688,16.47439354,1,1
86.89269779,0.559223256,0.424482458,52.90329169,2,0
34.35541107,0.814760332,0.468300973,81.9052851,1,0
24.20986891,0.884870566,0.429513582,7.078213282,0,0
157.3876187,0.612089119,0.305106507,25.13834132,0,0
125.8726123,0.385814499,0.199581846,7.102171395,0,0
127.8369789,0.89794464,0.248067118,10.11043923,0,0
95.34529187,0.96811226,0.324470751,12.9649791,1,0
61.41134787,0.48834508,0.076093989,29.35227728,0,0
49.01580373,0.688699151,0.227914021,15.00910593,1,0
13.03331769,0.725097803,0.234131378,16.89083089,3,0
19.65707651,0.728056964,0.281553808,9.541513822,1,0
20.93688354,0.691168278,0.229149335,17.3706954,1,0
98.46895651,0.881253598,0.349608952,13.04074439,1,0
285.7729557,0.833174247,0.168223424,35.10922,1,0
78.43595536,0.612014469,0.226649967,4.765227888,0,0
35.29216731,0.606608537,0.141461271,1.571077628,0,0
124.7716283,0.760183347,0.208297572,5.681303209,1,0
39.29863529,0.52126823,0.054843261,5.324106261,1,0
34.35501641,0.953141528,0.037657264,37.49471254,1,0
39.15071982,0.882720095,0.180728974,25.72913138,1,0
101.1135547,0.910170247,0.057198701,23.2021485,1,0
112.6781675,0.980590538,0.114822179,22.5876486,1,0
52.63989535,0.85546843,0.347543697,14.34029756,0,0
17.96691555,0.662774746,0.140500653,1.954438612,1,0
82.00865633,0.851045144,0.25525388,4.20119224,1,0
21.83438099,0.65732446,0.121298814,10.26535455,1,0
19.65621461,0.55514678,0.039039088,13.58123826,3,0
25.82576464,0.878400414,0.18171433,41.62034209,1,0
17.19347636,0.873030284,0.378889257,4.047532489,1,0
22.80879851,0.490858064,0.282276628,69.20474816,2,0
164.5447441,0.906155202,0.244521451,22.06347787,3,0
18.4593526,0.409979794,0.453261317,31.76099915,0,0
38.20207763,0.419935914,0.200036233,18.10384793,1,0
12.0680443,0.699079835,0.221202294,10.01612877,0,0
20.97153368,0.588088978,0.101908,28.20345482,1,0
30.14697177,0.942028458,0.346665714,30.948971,0,0
44.15023285,0.867064641,0.221732948,16.35140924,0,0
43.98746555,0.944338142,0.450665737,40.83292747,1,0
38.11849791,0.773977183,0.327020389,17.89367717,2,0
22.88453797,0.812286595,0.378879058,6.680208219,1,0
133.2971074,0.686239913,0.068583842,3.975367556,3,1
71.74092557,0.779903491,0.061623707,15.57880708,0,0
26.06065385,0.606905953,0.109818905,52.05631289,2,0
33.35275997,0.693086816,0.301931417,24.18855388,1,0
28.09076982,0.907012147,0.266135815,7.65392862,0,0
39.71647672,0.636896113,0.250701985,8.590488148,0,0
24.19606944,0.833889953,0.176081714,45.161233,1,0
73.02321648,0.899605805,0.240476856,11.94656285,1,0
86.12637833,0.649948775,0.049087641,24.96701012,1,0
36.51322457,0.756345843,0.086878411,3.739258805,0,0
54.25851489,0.407558369,0.133086763,19.55658949,0,0
25.5164995,0.675920738,0.098833708,36.70047548,1,0
111.7163972,0.360707218,0.24800834,50.97218996,1,0
29.45264159,0.657766717,0.133725822,8.614395314,2,0
60.68420397,0.651007687,0.216473524,4.645856958,1,0
54.54845788,0.737825467,0.743569126,10.54777841,1,0
19.16991617,0.958394579,0.370894497,13.89529437,2,0
9.444421326,0.611545951,0.347233194,20.89279579,1,0
21.98557511,0.783555602,0.100489287,13.87850678,1,0
17.35879761,0.73099781,0.363357222,23.66886555,1,0
24.0029193,0.75865107,0.053245052,47.16057415,1,0
37.73259818,0.619819779,0.472520206,8.894245416,0,0
37.62597937,0.524401116,0.244178393,19.73348524,1,0
26.05898612,0.761554847,0.094577757,11.97084396,1,0
162.2615815,0.77784744,0.334960605,8.227266498,3,0
15.08041439,0.779455652,0.006438681,11.15608589,0,0
86.34650976,0.726009606,0.074331105,38.65330638,1,0
72.92159445,0.757932307,0.041863442,10.53577469,0,0
20.79106282,0.904393316,0.304767198,23.52365727,0,0
201.5241524,0.917178752,0.017739162,24.7390664,4,0
116.8278111,0.590538094,0.141093826,14.01667982,0,0
52.80595533,0.575643042,0.03976791,18.22342502,1,0
59.34671101,0.899279568,0.163009484,17.61250032,0,0
42.94097613,0.73581005,0.324611309,54.3454677,0,0
67.38682874,0.730334178,0.367990757,26.91079583,1,0
27.17219242,0.874753183,0.549611216,37.10634551,0,0
103.2189853,0.419650834,0.334521825,6.621193592,1,0
91.85818374,0.750425675,0.224976822,24.53765966,5,0
30.16599958,0.866761117,0.700462637,7.083121681,1,0
12.32382677,0.402235699,0.074145196,34.17434845,1,0
102.363868,0.903510478,0.60470709,1.102039737,3,0
47.55237775,0.85318508,0.336744461,23.60482081,1,0
19.97610319,0.564345452,0.14683554,26.1858687,0,0
131.4961662,0.687423121,0.211357487,43.17785426,0,0
48.4653709,0.859145023,0.225254147,22.96495408,2,0
12.0185003,0.661161235,0.446264504,20.42253974,1,0
87.29415159,0.821931212,0.020410339,51.26792055,1,0
15.94605743,0.28188826,0.147732904,1.396859911,1,0
8.834072738,0.553133527,0.307155761,32.73656865,2,0
22.31473614,0.956102658,0.391932301,27.68762209,2,0
34.11256297,0.77786257,0.156645143,11.6283751,0,0
8.94276959,0.562877838,0.038049203,11.49305723,0,0
268.7280259,0.7880706,0.195723781,8.697821082,2,0
51.0077537,0.871179532,0.333487926,15.36648388,3,0
47.68562324,0.604344028,0.215607134,22.95677814,0,0
34.37586156,0.436957498,0.138098268,16.80390291,0,0
51.39084315,0.628537419,0.453337543,28.68128686,2,0
20.77138178,0.694108719,0.319732345,24.47080951,0,0
32.22868429,0.617715019,0.194404681,46.02608196,0,0
103.1203486,0.949802138,0.321360604,22.90531552,0,0
32.16827684,0.43260731,0.461291758,33.53311139,3,0
48.41237357,0.779939707,0.004977152,19.6407544,2,0
34.0141437,0.891042375,0.513013727,19.83879667,1,0
188.2857246,0.70771488,0.518766016,16.15844283,1,0
108.389073,0.887799007,0.063636633,19.27881336,0,0
57.74571295,0.63192095,0.265926862,26.48010068,2,0
76.25791827,0.903131715,0.317464193,47.35964975,0,0
54.72565504,0.788576165,0.355822899,12.41990623,0,0
52.77236478,0.679095654,0.225038215,32.39688832,0,0
379.0082541,0.905464739,0.367155708,10.05918028,0,0
6.735072783,0.97832254,0.546900906,10.01806075,1,0
35.990135,0.861873522,0.236026027,28.32655013,0,0
42.572486,0.65361689,0.202472157,22.85217107,0,0
89.18233056,0.795159301,0.497444816,26.8508518,2,0
12.0173399,0.664981544,0.225959173,22.67618838,3,0
24.19485624,0.903809604,0.472130571,34.09616832,0,0
56.95348143,0.841912321,0.190407061,43.75341953,3,0
8.600220949,0.756002927,0.084200748,29.37008143,1,0
64.07037301,0.641139289,0.095265535,17.72625597,0,0
241.8467189,0.738584058,0.040336354,27.3741125,2,0
18.96132289,0.82310212,0.369916304,1.576203966,1,0
7.748787071,0.89429163,0.096732817,17.83151551,0,0
70.88507504,0.795307624,0.534165242,16.8099618,0,0
32.47374914,0.770658004,0.143458686,13.26858546,0,0
224.781152,0.671630122,0.417205682,16.78744042,0,0
29.40475279,0.578837057,0.264611249,18.41957115,1,0
24.20664571,0.746132733,0.141024814,43.35408437,1,0
107.451756,0.769318595,0.34131571,6.462200407,0,0
117.3818733,0.341017975,0.145272735,8.714498317,1,0
100.3897233,0.88033888,0.193393334,40.37469458,2,0
264.9208139,0.849400672,0.153080832,27.41188564,3,0
66.69080479,0.483876779,0.343547458,19.30491318,1,0
42.89676187,0.795651834,0.551651883,47.71740115,1,0
26.61650009,0.877667014,0.218363888,2.971055147,1,0
37.06608465,0.6159016,0.26097254,30.68280975,1,0
28.15398271,0.941279747,0.078433369,34.26363777,2,0
26.2335069,0.294940735,0.337563376,7.574198369,0,0
17.07632799,0.534912901,0.671810793,19.89771203,2,0
5.982309439,0.647878891,0.307689367,17.34044761,0,0
58.54020226,0.447605986,0.116181495,63.04936682,1,0
57.38143284,0.750295054,0.163038856,8.136538368,2,0
10.29893954,0.582190525,0.126353722,4.046449298,1,0
83.62649402,0.782493589,0.275940809,8.394566298,1,0
4.177853417,0.571643995,0.083053027,30.69433124,2,1
27.08481409,0.807849799,0.061750898,4.673745749,0,0
45.89886718,0.679732858,0.049167118,15.03015851,2,0
30.38770172,0.360863644,0.371625394,9.070664993,1,0
74.67138422,0.704712108,0.13769777,2.378879863,2,0
110.2877145,0.527877896,0.426951046,11.84625356,0,0
109.3089654,0.800920504,0.20886542,28.46153149,2,0
45.04472003,0.732359013,0.533588348,15.50194783,1,0
153.1809867,0.793260567,0.229348274,3.323864929,2,0
30.20252155,0.776471146,0.229913519,30.61659345,1,0
26.0374491,0.692227502,0.303503178,31.9013448,1,0
24.20195842,0.715770385,0.273418686,12.67008513,0,0
22.56105524,0.861953313,0.311452468,41.00543671,0,0
28.9528853,0.775670777,0.084541612,4.788028929,0,0
13.7738558,0.860779044,0.20744653,6.004357855,0,0
10.72420225,0.778450531,0.1740474,4.212362767,1,0
144.9978034,0.482846703,0.294387879,32.72879818,0,0
66.18448106,0.918305865,0.188258203,18.2881996,1,0
91.28646053,0.499746609,0.121544556,4.574125117,2,0
54.41802128,0.902611002,0.094656425,29.24781819,2,0
17.20991255,0.826271261,0.292574734,18.76392777,0,0
118.3893413,0.657580642,0.148634428,6.939734043,1,0
75.0694729,0.911125878,0.402225675,7.160958827,1,0
15.15083046,0.861135866,0.288382976,18.39461879,0,0
75.92024558,0.629773638,0.311178458,50.53103046,0,0
7.372762528,0.431459222,0.145694137,9.456110749,1,0
93.52885402,0.976602725,0.233201943,5.639923303,0,0
20.26900553,0.715090954,0.092734098,12.28074657,1,0
94.26972264,0.8360469,0.498115335,23.13331198,1,0
20.38508499,0.625716808,0.113067208,14.02720899,0,0
98.42820075,0.70062051,0.063697757,9.269658459,1,0
54.91187539,0.446876944,0.034876941,10.96002088,1,0
66.94687684,0.715890325,0.024451213,5.272258883,0,0
51.41976728,0.792656171,0.326006052,9.277046973,2,0
63.05921683,0.637429979,0.404054941,27.54284188,1,0
70.81105995,0.602960707,0.130876715,72.90105812,3,0
77.87498005,0.810371374,0.334823334,18.87438052,1,0
6.383723444,0.652131325,0.123827115,26.9275884,1,0
29.699377,0.559120173,0.079260121,10.46847354,2,0
26.16295692,0.912354489,0.155753915,7.557982346,2,0
31.63923121,0.907365118,0.093464624,12.66974133,0,0
36.13799561,0.948758301,0.27272518,6.189803995,1,0
211.5854989,0.642193758,0.393006134,28.74788742,3,0
64.11503672,0.811597245,0.01444126,22.1624493,2,0
12.74478958,0.667745374,0.221525168,18.47658973,1,0
28.02344455,0.559857091,0.530283337,21.57112605,3,0
90.12090452,0.541432218,0.276231305,12.94463538,1,0
16.5491538,0.369306719,0.092285374,21.48843272,0,0
48.96425383,0.874335246,0.311471667,21.91904835,1,0
25.05537963,0.709415043,0.168665127,26.6753203,3,0
54.39181796,0.379473804,0.179352331,3.655882636,1,0
34.23914534,0.473144639,0.677616929,4.981209193,1,0
39.34517751,0.649399491,0.118620387,32.44478267,0,0
32.5792543,0.608947963,0.194145176,46.86550037,0,0
20.48821179,0.509664803,0.423030696,0.462880735,0,0
112.2927141,0.838504236,0.244752843,21.28300937,3,0
55.29716271,0.499745505,0.1687389,6.077243909,1,0
44.77710645,0.674465149,0.066935383,17.70374697,2,1
144.1012044,0.647781495,0.379141487,6.292210872,1,0
50.92218691,0.788162057,0.528012118,8.893601193,0,0
39.47692739,0.611908075,0.214130945,5.593079486,1,0
48.34622237,0.89502535,0.304009451,3.988537942,1,0
29.40465647,0.75713536,0.153833458,17.97942957,1,0
21.05384817,0.821587958,0.703764102,27.81476699,0,0
184.1385875,0.522618737,0.137152758,2.824034725,1,0
21.02958995,0.783895886,0.732622331,14.57980963,1,0
112.4818039,0.853646583,0.216748675,9.068837557,0,0
59.58144929,0.927837427,0.158753385,53.54646034,2,0
15.81256752,0.693540112,0.061462258,23.54667509,1,1
33.30225546,0.95527914,0.053230306,14.2566176,2,0
21.73344011,0.985895233,0.250153311,7.579038795,1,0
38.34968771,0.726935653,0.12615693,24.77300839,2,0
80.2850599,0.694476864,0.257759445,4.46104369,0,0
19.2683135,0.538962625,0.211541171,1.503952742,1,0
19.57006229,0.548045003,0.049285707,24.03925943,0,0
15.21767168,0.407871991,0.040593755,15.02886185,0,0
134.1065412,0.981811756,0.118331122,15.05783727,0,0
44.86180909,0.759093251,0.336491012,4.255225019,1,0
53.43710982,0.892880634,0.518691885,15.00982881,2,0
46.21655908,0.72545609,0.362131359,9.025161316,2,0
15.87459336,0.776712586,0.566507708,28.57650383,1,0
157.2800666,0.878563126,0.298807844,35.06512188,4,0
16.22311063,0.551402162,0.199489287,37.50737956,1,0
6.745459606,0.801241644,0.378622128,25.5431509,0,0
73.29975491,0.764028658,0.058788849,26.10623282,0,0
19.23215738,0.883712748,0.254662839,34.24726837,3,0
91.6006685,0.834346235,0.621030217,7.444375766,0,0
71.63312443,0.77059918,0.058869739,9.026320009,1,0
44.48287523,0.824471846,0.445324589,16.11453499,2,0
70.7165501,0.569953101,0.324957602,22.13043292,1,0
74.89045665,0.842577683,0.116943709,28.69804529,2,0
26.61449583,0.742665456,0.147225391,10.85673017,2,0
21.53240856,0.934433066,0.098732794,3.214318528,0,0
13.96518664,0.842508942,0.025944278,14.10383255,0,0
28.63123682,0.817436581,0.19351626,18.41640069,1,0
21.81272552,0.900532258,0.132685547,25.29219098,1,0
16.46280592,0.894494174,0.586307756,15.42014168,2,0
22.02216115,0.183974757,0.259615629,11.15263519,0,0
321.0137012,0.831767417,0.416899809,5.393440155,0,0
68.09819097,0.702156717,0.111590945,13.13983757,2,0
13.03251137,0.643611671,0.37505251,18.5027663,0,0
155.4264724,0.851623455,0.015925693,42.31352919,2,0
9.132579232,0.418196188,0.214358208,18.75378494,1,0
36.26826732,0.502774342,0.429737496,36.43535989,1,0
16.48725477,0.79319087,0.217475901,7.714426452,0,0
16.66839325,0.715936952,0.063850969,24.43849681,0,0
26.44917499,0.717540934,0.140689435,19.82592792,2,0
59.06902131,0.622739459,0.286209529,14.30498953,0,0
101.3798704,0.752266409,0.445819979,29.5964527,1,0
8.861795311,0.606808183,0.254107594,12.19766094,1,0
27.66726341,0.964104327,0.087503444,16.08314598,3,0
19.76113821,0.555790694,0.125723149,23.69821535,2,0
61.57945428,0.949384872,0.427650612,16.04991106,2,0
77.58385374,0.762530199,0.450426386,26.22493874,1,0
14.02671143,0.720219197,0.040555737,8.272186119,2,0
20.16359764,0.952754814,0.105625129,18.55179261,2,0
20.7804028,0.831035015,0.207037193,7.276261092,1,0
72.44833844,0.623473295,0.127961784,16.84369101,1,0
27.20831743,0.794528442,0.377005935,8.699394942,1,0
20.29177663,0.816666334,0.194816364,65.11167445,2,0
22.52146567,0.715320169,0.060529826,27.0901151,1,0
21.39185905,0.813453221,0.21602954,10.28588878,2,0
42.83609594,0.724495137,0.455656397,1.196672681,3,0
168.8344655,0.822124322,0.406384844,49.14889086,0,0
9.4548925,0.936570616,0.396002346,17.31063545,2,0
21.78706626,0.818387458,0.05361588,38.69356368,2,0
53.97440984,0.699451485,0.309853281,8.136097349,0,0
6.314243723,0.704250424,0.1179171,22.71732555,1,0
54.36994156,0.913599355,0.045379302,10.62966549,0,0
54.37734798,0.715316598,0.130947593,16.43688602,0,0
40.30454014,0.726085088,0.109680667,8.939790853,0,0
12.98862472,0.428405743,0.259106034,55.61389611,0,0
170.3608199,0.663063735,0.029070871,26.26448707,1,0
46.30866216,0.68109408,0.413816767,66.40964229,1,0
31.96671277,0.929050904,0.470194444,70.25510121,0,0
101.1264631,0.948268581,0.049969697,26.37850324,1,0
11.12678282,0.478875882,0.598667445,46.93339219,2,0
20.73823468,0.723604516,0.354347622,12.57247315,1,0
8.337239573,0.449533509,0.220983277,10.60072679,3,0
33.43613596,0.916702382,0.422671359,7.499454919,0,0
42.87360059,0.573549123,0.276917111,4.164212956,3,0
30.06204686,0.904273989,0.123597659,24.87599567,3,0
32.07350656,0.905390849,0.657825051,35.65030604,0,0
68.18847152,0.922763726,0.253215288,2.625880908,1,0
22.51568468,0.551057672,0.386172402,4.252130206,2,0
30.55085966,0.717597224,0.33350557,4.811576273,1,0
13.54988206,0.681501996,0.182414022,17.7468599,2,0
62.96481617,0.951144883,0.503222874,4.125151968,0,0
30.42871908,0.732120783,0.149078628,40.97015873,4,0
149.3832753,0.653129065,0.101584109,3.706711868,3,0
24.35489545,0.738103727,0.476755409,25.14686794,2,0
60.68347643,0.864009372,0.096765952,12.77564492,1,0
53.12701512,0.629593548,0.538268051,8.330729845,0,0
13.93300858,0.878709236,0.091993381,54.30191868,1,0
72.70234728,0.532463692,0.056558421,12.22456684,1,0
58.79247653,0.380869755,0.155346153,26.42721491,0,0
88.48706226,0.674907279,0.186256088,6.246383037,2,0
82.90747322,0.935796905,0.039126005,3.458044395,0,0
31.41212731,0.682929568,0.45333453,4.585177893,1,0
143.6233011,0.86481586,0.27488277,17.63192562,1,0
55.84958742,0.613028537,0.027673917,26.29158965,2,1
75.98664705,0.899706147,0.052793777,9.85032367,0,0
7.636186761,0.781115651,0.373482507,10.29433609,0,0
8.127926047,0.476970951,0.073232743,28.59101125,2,0
9.460986263,0.756237898,0.152532646,24.92570784,1,0
36.99657018,0.926336149,0.228129504,12.98369994,1,0
39.77399703,0.661776115,0.106983083,9.35716955,2,0
64.98560641,0.738753996,0.30819858,23.17665688,0,0
42.73315612,0.690011676,0.228886705,10.93689639,1,0
10.27724234,0.445901554,0.1937095,70.87490472,1,0
27.47392856,0.775240959,0.127955884,13.65925402,0,0
130.596486,0.885916507,0.1557135,10.23869611,1,0
97.08283372,0.697759522,0.193204405,19.42024961,4,0
11.21881214,0.545329115,0.668859463,11.01766868,1,0
31.1142403,0.887102106,0.211874949,20.47582809,1,0
12.33397774,0.857781689,0.11618634,32.35093611,1,0
55.26502589,0.896794749,0.309219185,14.8429538,0,0
92.08883584,0.909508599,0.332266265,16.2964182,0,0
77.93010772,0.864175524,0.022728126,0.313933933,1,0
16.7304981,0.564601267,0.361264529,6.559951103,1,0
26.46485351,0.588368346,0.122764144,26.39203187,0,0
35.5326427,0.41402456,0.103570988,4.058879887,1,0
164.7927924,0.814479106,0.665519542,9.630674995,1,0
51.46156821,0.883276553,0.357198653,39.79154503,1,0
44.23461861,0.450972204,0.233092298,5.408694447,2,0
44.89066611,0.817808518,0.184564163,52.83038103,0,0
48.05150496,0.723409968,0.179557685,20.56465311,2,0
20.38302885,0.842298593,0.27435832,10.26217798,2,0
16.20696643,0.572723685,0.149730238,43.38700453,2,0
25.99922736,0.428859863,0.181294394,18.85234411,0,0
31.65568666,0.641240487,0.179466605,49.02052939,0,0
24.00230336,0.958519713,0.198323764,22.8627929,1,0
70.94978648,0.832095281,0.329494588,1.047378299,3,0
41.00821059,0.817045871,0.139273496,45.01492291,1,0
74.78114665,0.821282591,0.160873416,46.87899248,0,0
22.3991649,0.766670199,0.445004842,14.95898613,1,0
5.463450491,0.838089908,0.070852891,9.573856895,0,0
26.39558036,0.827301529,0.462228009,16.0391321,3,0
82.14921222,0.560241882,0.255665562,32.31297914,2,0
46.75944188,0.808479615,0.046631392,4.467662896,1,0
5.080552348,0.739143656,0.15474842,5.807366897,1,0
25.37066248,0.781497037,0.068556119,11.22334522,0,0
22.27585575,0.315401073,0.072970821,43.48522777,0,0
31.55401645,0.578390865,0.120245386,3.394191721,2,0
22.66858756,0.514909141,0.016936836,6.031326801,1,0
37.34423197,0.602862681,0.313113777,5.24586549,1,0
24.29848668,0.873407514,0.128022964,19.05926326,2,0
26.73415328,0.844220383,0.204484238,22.67657753,1,0
84.51651008,0.828044164,0.67627467,43.15988085,0,0
48.92947305,0.579531796,0.394523362,14.99563817,1,0
34.53478786,0.888329603,0.106569166,20.38997308,0,0
12.8328569,0.62958555,0.338527633,40.42129135,0,0
19.74130569,0.771069265,0.192251688,14.1819561,2,0
24.29831866,0.975295596,0.10811489,21.24201943,4,0
55.77979589,0.682084724,0.287278595,4.396606946,0,0
10.56807345,0.772274977,0.139811229,8.656632369,0,0
48.35426734,0.43506472,0.205533194,6.33402718,2,0
121.1824885,0.912389522,0.512446836,45.91117602,1,0
47.77866758,0.724010328,0.023765338,4.785819688,1,0
13.05395954,0.708234295,0.181296341,23.85452009,1,0
89.39969637,0.504807561,0.28533683,27.33821852,1,0
41.00975283,0.714022645,0.129742916,38.34401086,0,0
67.49123726,0.902214327,0.250352095,24.40145712,1,0
86.50572132,0.679717832,0.181639809,6.362398283,2,0
68.73310584,0.702158657,0.1846504,22.37034915,1,0
36.10789838,0.791049004,0.149817018,18.30751735,5,0
19.79556543,0.404121168,0.162138404,36.12052705,0,0
243.0347482,0.79262376,0.017970771,10.0848082,0,0
20.87284505,0.823890854,0.311426183,22.32240794,2,0
83.4017906,0.608828207,0.076973174,16.85512227,1,0
19.59038509,0.903020017,0.569922115,9.708392844,2,0
115.2513606,0.698768353,0.516689858,2.676857808,0,0
193.9027216,0.780148391,0.250065366,19.20875233,0,0
83.93437534,0.607952518,0.09450092,14.86462607,1,0
22.82818289,0.604039048,0.052549741,8.19330773,1,1
31.43098706,0.565860731,0.225776072,10.485215,1,0
136.9259632,0.840699269,0.203661664,42.4641861,2,0
138.6389773,0.562658332,0.149144363,10.24618995,2,0
69.896935,0.881015664,0.05610983,11.95253797,0,0
50.39179456,0.637674256,0.106601266,6.527113566,2,0
149.1293787,0.788486382,0.242320731,8.619375676,1,0
64.86363707,0.41393104,0.009721062,33.63969085,0,0
55.19705168,0.538199939,0.121043714,5.374268333,2,0
85.49778051,0.810943323,0.35938867,8.224468338,3,0
56.9113459,0.760452968,0.116959282,56.32788097,1,0
109.1568843,0.512365437,0.109029073,25.00384189,1,0
140.8659492,0.775070496,0.209356796,9.021512457,1,0
63.01800091,0.877535925,0.219324112,42.20189391,2,0
6.330457904,0.68736141,0.377427788,28.8375267,2,0
42.48132411,0.702395686,0.103435416,13.76781234,2,0
28.82015026,0.712734584,0.225096058,37.62336446,0,0
16.68145603,0.449124939,0.243571739,5.426826861,1,0
28.32377058,0.757701476,0.127595988,4.776644622,2,0
120.6376186,0.752169306,0.232038696,22.40572618,2,0
13.22317771,0.40260562,0.470954803,40.31482852,1,0
31.03902275,0.450065278,0.374925086,3.481724988,6,0
23.18398825,0.565836289,0.128017627,10.77719837,2,0
12.32913618,0.961592797,0.024042092,8.357389433,2,0
12.36530212,0.743738441,0.399837954,6.819734491,1,0
63.53058444,0.467187252,0.225597612,19.2419621,0,0
14.17662511,0.656105465,0.314455748,0.255265225,0,0
181.095375,0.901515166,0.171295826,17.75285825,1,0
35.12323007,0.885292156,0.362471491,19.86839863,0,0
54.36520981,0.919773804,0.043997038,3.979474967,3,0
64.28735203,0.942330344,0.080209154,10.80011182,2,0
11.60498081,0.548627331,0.126913602,44.42010192,0,0
96.36422175,0.863141831,0.446103639,13.12454267,0,0
46.84284237,0.49618478,0.365000985,14.74808457,1,0
38.68345996,0.612134149,0.105915843,14.06706499,1,0
64.40561724,0.691165291,0.494583095,15.11386564,1,0
47.10333878,0.625570294,0.105424916,40.79453099,2,0
42.53779661,0.514736273,0.151401132,29.91108144,2,0
15.15825262,0.723351452,0.373166152,13.42115274,1,0
37.43468419,0.706999214,0.222739442,41.95628011,3,0
68.1091153,0.933324645,0.258148401,20.91946299,1,0
21.36854561,0.783035705,0.124037054,37.92582736,1,0
77.8111654,0.648005692,0.087266979,4.321608605,2,0
31.06818866,0.963541529,0.232266168,20.0357782,0,0
63.58533598,0.750741347,0.266850134,3.754630738,0,0
42.53660656,0.431719583,0.092058274,19.53543851,0,0
17.97284213,0.928370572,0.51503128,26.91020651,1,0
34.51712565,0.458618937,0.406156265,7.692238933,1,0
25.95231371,0.754895391,0.337289189,79.84661065,1,0
21.30930241,0.593010278,0.551192409,33.65553425,2,0
20.81077335,0.504555899,0.538108024,16.62913593,0,0
7.314996079,0.867216781,0.542031457,39.91033854,0,0
31.40843702,0.55477955,0.010336405,11.91521268,1,0
35.62941304,0.440645805,0.103351622,18.26857069,2,0
17.26282118,0.705154359,0.128354779,9.564530003,1,0
11.14405913,0.755556542,0.661127671,26.26794376,3,0
67.42713814,0.722473955,0.223171165,9.243397935,2,0
53.30216495,0.861265478,0.239348718,14.36611517,3,0
97.93532879,0.879558206,0.192419534,12.3585557,2,0
94.49877627,0.708253267,0.095967694,37.42343349,0,0
18.36086741,0.922306732,0.33590775,44.57010016,0,0
40.64227904,0.648945929,0.52078708,3.429556415,2,0
36.06420517,0.797978674,0.06987542,10.69499824,3,0
81.69956936,0.779740956,0.131425651,34.26295312,1,0
18.70729686,0.810254446,0.396288333,1.453152598,4,0
19.35590351,0.564419693,0.072614704,11.00039997,2,0
110.078809,0.804440977,0.531609348,3.610164379,1,0
16.797546,0.589984547,0.110910258,10.99053678,0,0
43.97311664,0.766914015,0.271926888,30.79469447,6,0
46.47821389,0.961678707,0.362378994,7.67849307,1,0
12.34181901,0.626140511,0.477560905,56.92540497,0,0
22.92655748,0.835940769,0.060942601,20.08624186,0,0
20.2909416,0.780355798,0.255428491,20.06024105,0,0
26.30738818,0.876019104,0.384476441,30.75314741,2,0
17.07847177,0.762934656,0.011600022,15.47415044,1,0
84.25068741,0.602091336,0.016908405,59.20945266,0,1
31.25883367,0.592114391,0.149353765,44.84396153,0,0
85.29784496,0.707606263,0.075307103,55.49480805,1,0
79.42494484,0.877177548,0.068681759,20.48825352,3,0
10.04451386,0.547969459,0.218488706,25.42992972,1,0
79.31355143,0.818955325,0.225260698,2.665726866,1,0
26.18409347,0.879152194,0.129530499,13.14533166,2,0
71.42667311,0.643648261,0.210397019,49.39621357,2,0
88.66604625,0.786630147,0.04013542,16.36407503,0,0
114.4383333,0.702077298,0.232105295,17.81504928,1,0
89.3963066,0.882689613,0.393045029,4.683609261,0,0
36.67480377,0.887214996,0.416696135,26.57273167,1,0
25.21877528,0.737072686,0.266443353,2.525030128,0,0
44.35824405,0.964213251,0.175175013,8.18854327,3,0
49.35957239,0.817113366,0.266205079,6.192038961,2,0
42.35830704,0.904473358,0.224723044,20.29411128,1,0
34.27193707,0.543733523,0.253650068,8.694204921,0,0
64.82228213,0.882280425,0.160006302,2.101483631,1,0
29.66846978,0.78003168,0.387554259,25.95759718,5,0
50.5802713,0.744000653,0.286375493,28.98357341,1,0
46.19959278,0.57018269,0.290312184,18.86449523,2,0
99.80015836,0.666997932,0.215456241,46.24381683,2,0
25.41741488,0.448166792,0.273945657,24.08037911,1,0
25.22222278,0.903596781,0.158265529,8.486995352,1,0
20.45377175,0.765716736,0.106979738,6.04098727,0,0
76.13269287,0.766148496,0.435138338,81.7767326,1,0
55.67622535,0.756565776,0.333502406,13.68550413,3,0
33.05897099,0.56642313,0.012288578,12.21362569,0,1
161.6662065,0.89096822,0.267313481,3.389097925,0,0
19.80708811,0.756539508,0.067087361,28.18832289,3,0
79.39644563,0.788743126,0.111792432,18.2181708,1,0
56.06101989,0.910833837,0.378028337,18.27389087,2,0
29.76827037,0.597347631,0.395890446,40.84923572,2,0
17.51539665,0.665419814,0.372357459,3.9835058,1,0
22.23153507,0.910189967,0.135468449,35.17736355,0,0
80.22636268,0.734332583,0.400626474,4.067317994,0,0
12.85170001,0.837702853,0.625970946,8.519923558,0,0
32.48764551,0.895892927,0.362701174,3.439247656,1,0
20.70119911,0.643490604,0.407691579,25.45413724,2,0
41.13644393,0.93658302,0.276398328,20.3599395,1,0
22.05715582,0.595219867,0.400433637,14.56676329,1,0
27.37108631,0.811694533,0.351642622,2.673050287,2,0
13.59188327,0.901371212,0.579221413,9.455098197,0,0
45.62298146,0.631966647,0.451175329,8.145685711,0,0
20.26406541,0.844889465,0.49470519,1.135653746,0,0
40.89054398,0.806620186,0.164918861,25.92971844,0,0
9.649698961,0.924176876,0.471488262,23.85356335,1,0
14.53844253,0.602995963,0.283268591,16.18823027,1,0
29.06685439,0.619081949,0.226978066,8.169503288,1,0
21.42205907,0.653202299,0.078194762,81.09075615,0,0
33.01238588,0.848933053,0.21845874,5.973562866,0,0
23.79922226,0.922250114,0.288601506,4.723646558,1,0
69.36768564,0.792260911,0.133104485,0.846549563,1,0
58.75129027,0.666259766,0.598499761,21.59606885,0,0
93.24053791,0.916211056,0.160781319,4.593114894,0,0
66.30873264,0.776304945,0.397959523,4.193073345,2,0
99.75657946,0.736078864,0.323995669,28.71824409,4,0
98.99598846,0.843034782,0.130842058,24.65934006,1,0
51.98920062,0.808128924,0.067051292,42.49526999,3,0
27.97311314,0.689984627,0.088164151,3.153592284,2,0
38.11712743,0.750423568,0.179133389,47.24291015,1,0
45.06117979,0.48078083,0.132365029,31.53785317,1,0
22.0010262,0.872884933,0.528128583,40.97053607,2,0
28.8728514,0.584894696,0.19558624,49.63531247,0,0
91.0359899,0.843224559,0.437904803,6.690788029,1,0
71.80577995,0.916972752,0.661262051,14.77978603,3,0
21.88641109,0.658033812,0.193556131,57.39718841,1,0
18.43950881,0.859128234,0.059759851,13.54514907,2,0
26.00505815,0.914073421,0.311100847,52.7150622,4,0
10.79979572,0.832546856,0.113961058,14.00479039,2,0
89.58719107,0.637544979,0.126151544,42.77168231,0,0
56.00096306,0.624963143,0.155067364,12.00850306,1,0
15.70316455,0.330236839,0.428460948,19.08325039,1,0
32.24043612,0.47057322,0.291791862,11.99378212,1,0
23.01490353,0.672695205,0.000286169,33.88366228,1,1
110.7314383,0.875222682,0.02281812,27.71274996,3,0
14.62081038,0.772559008,0.268009654,19.16189482,2,0
23.07387678,0.425263406,0.086582519,8.010528023,1,0
144.7416039,0.882947351,0.247467099,12.45203157,0,0
151.6148934,0.444084173,0.015157374,30.350468,1,0
143.39262,0.732379012,0.531263681,7.603064049,2,0
53.08646646,0.564192277,0.067911418,8.675832805,1,0
28.10468905,0.493555362,0.340014132,32.6271159,0,0
20.62654332,0.659494429,0.114348624,6.275040605,1,0
74.88157423,0.597424227,0.348920155,14.55832531,0,0
21.50666554,0.726553133,0.19475672,30.17462783,1,0
36.81361741,0.890809367,0.068826936,18.68268025,1,0
35.60619418,0.731392235,0.82034664,18.22164652,0,0
89.98101087,0.861048036,0.215850394,12.11390588,0,0
23.34962796,0.649540034,0.270721475,25.78279204,0,0
89.03519317,0.716297024,0.240989389,18.38399192,0,0
25.59712827,0.402409404,0.052242014,22.48750079,1,0
27.15946077,0.708052208,0.423736523,37.39420451,4,0
16.68803905,0.67928045,0.193090834,11.68930844,3,0
49.01763318,0.66827735,0.566588005,19.30200767,0,0
35.47531673,0.901920056,0.346024959,5.030003072,2,0
43.67447604,0.561975521,0.030784808,22.40907317,1,0
31.24181857,0.725250422,0.201056506,35.71012946,1,0
43.75368284,0.81934195,0.22593536,8.388502677,0,0
151.3018541,0.828407666,0.010781917,49.21404568,4,0
58.80302959,0.904986203,0.457985423,27.25990911,0,0
90.82366542,0.869596819,0.252454154,17.42211589,2,0
39.20223469,0.403263969,0.422464734,17.76961752,2,0
39.81315088,0.85155509,0.217824809,32.50525359,0,0
104.0048002,0.81137599,0.334506546,2.766384653,2,0
352.6931052,0.436196172,0.436983028,16.7373712,1,0
25.81146512,0.777690342,0.240243908,6.16968336,1,0
60.10244866,0.531045307,0.054519838,38.53709029,3,0
28.0368337,0.866484386,0.047116271,12.44771945,1,0
62.29129766,0.460480263,0.396679375,34.77007296,0,0
48.03738614,0.621011588,0.133828904,5.195173209,3,0
26.34391931,0.946794977,0.138274981,38.66288512,1,0
12.04034794,0.952060728,0.193796608,15.89746636,0,0
11.29275334,0.766870032,0.086740123,4.723276731,1,0
117.482957,0.756093496,0.297294938,16.8419336,2,0
43.13064417,0.863498176,0.181699958,22.97360055,0,0
41.57923882,0.423781641,0.112272302,3.756651649,2,0
65.59667093,0.553215418,0.091317185,7.80177379,1,0
39.05388579,0.620051989,0.109216913,21.3460702,2,0
222.7771926,0.67773095,0.034603059,12.76191954,3,1
46.06284423,0.566753806,0.517750819,14.30418275,1,0
92.99254723,0.264913822,0.493336144,17.87937017,0,0
48.4216796,0.830677221,0.409179596,1.796032748,2,0
12.91539615,0.927057236,0.444375246,47.38979901,3,0
64.40233002,0.687007028,0.270743716,26.11784468,1,0
51.71439137,0.375726718,0.145122954,40.83903325,0,0
28.69820528,0.736561784,0.515205488,25.86303073,2,0
124.0004247,0.686859192,0.013247655,11.17761448,0,1
70.0684552,0.641830346,0.344723296,1.28093472,0,0
79.39051458,0.721580972,0.713450203,21.59317796,1,0
15.66611807,0.840103816,0.268690495,18.95571472,0,0
28.51894719,0.895814189,0.098691185,33.93337699,1,0
10.82212679,0.947522505,0.598028417,8.704402899,3,0
66.76058211,0.67621155,0.140521048,49.24041835,3,0
97.21813615,0.621102331,0.462730284,17.47887694,1,0
25.7922516,0.665274912,0.123007097,44.38790107,1,0
264.5613305,0.747946188,0.16491111,26.36852567,2,0
17.37619123,0.917909961,0.37040493,27.50333826,1,0
50.42649115,0.668664189,0.315854394,15.79845374,1,0
7.606293587,0.719209154,0.028813966,14.73849231,3,0
8.288490978,0.814799093,0.058847107,16.47765745,0,0
55.02214075,0.555576161,0.083681148,8.53167998,1,0
45.60077262,0.679861516,0.302961964,9.105201832,3,0
208.3461273,0.739491416,0.446258019,7.807334385,0,0
50.13648051,0.42812736,0.26475644,47.70464845,1,0
119.831542,0.348071877,0.256406426,43.78659004,3,0
22.48536949,0.754769675,0.244556786,27.13592127,1,0
68.20423993,0.777945204,0.147451385,5.883299837,1,0
128.1235519,0.845353631,0.091948614,22.12979133,0,0
44.5905302,0.720151468,0.036811278,2.678288731,3,1
127.9943679,0.630333397,0.125765384,23.38707172,1,0
100.2118295,0.682713279,0.215680116,30.11734358,1,0
52.12939436,0.648365236,0.306051104,48.33179725,1,0
18.2576228,0.905125707,0.131866668,35.5699987,3,0
25.60357427,0.584042114,0.128553804,6.480174959,2,0
11.03246704,0.916930762,0.124561331,42.95474734,1,0
91.69159316,0.915728497,0.562116844,6.861452362,1,0
140.8681213,0.692919796,0.09819132,8.568722529,0,0
53.30714139,0.963137153,0.094817034,7.714981558,0,0
58.47100953,0.58441001,0.495110516,9.304200736,0,0
8.57716397,0.876847597,0.035045239,22.81115347,0,0
101.3374765,0.483240886,0.496557823,25.0604379,0,0
14.00851588,0.58367792,0.046745359,18.5373345,1,0
26.62703263,0.546553461,0.338537953,21.833597,0,0
206.5865811,0.671421301,0.154583055,25.16640772,1,0
61.46579554,0.791016237,0.154627754,4.43477389,1,0
22.91750079,0.826811772,0.236913598,14.73866053,2,0
21.17509935,0.358480301,0.550033524,60.08947756,0,0
52.20057856,0.730308107,0.456658344,19.26362166,0,0
104.017857,0.559219012,0.505251444,14.4949956,1,0
49.99160793,0.93527536,0.435369109,65.22739818,1,0
45.87656405,0.780591284,0.110309374,9.988906412,2,0
62.11033678,0.74767165,0.207980091,22.5652219,2,0
73.7906607,0.692443142,0.206322602,54.96797382,2,0
12.16318821,0.961064569,0.160682372,56.36588472,1,0
9.674489649,0.658269959,0.166960059,17.23974089,1,0
117.8648841,0.690645951,0.063380429,8.485579911,1,0
23.12256745,0.711842122,0.318521456,28.2097796,2,0
7.439001984,0.88287205,0.246601993,18.20543346,0,0
27.63041269,0.675358656,0.378970753,15.23057237,2,0
35.61150582,0.698983749,0.141825127,47.29526882,1,0
31.27237063,0.733996959,0.095214293,19.66766221,0,0
106.6770746,0.746212511,0.102491191,3.558086328,1,0
16.81412114,0.775679329,0.496484888,2.060994741,1,0
39.09146603,0.731469329,0.568162431,6.92255072,1,0
12.864284,0.91548038,0.264135872,39.34334208,0,0
214.9167579,0.836632363,0.306607953,41.94171407,0,0
15.8333631,0.79713987,0.123197518,5.665185837,0,0
10.83970424,0.85791294,0.232115003,17.23438456,2,0
71.48193495,0.778035793,0.070540973,33.72381744,2,0
48.24429926,0.898659137,0.040050193,4.732014563,1,0
14.72694548,0.680294574,0.127643511,3.802990698,2,0
64.16461806,0.945401378,0.361641425,12.29524016,1,0
74.95557123,0.869700669,0.293911694,7.076757749,0,0
28.55384815,0.84352968,0.07866405,14.2375249,1,0
62.96223149,0.828124914,0.231925202,1.229763855,1,0
85.40540799,0.764740964,0.236292656,41.26342974,1,0
69.90578634,0.629005132,0.197174962,13.48586332,1,0
27.64516302,0.550640142,0.318621812,20.85329929,1,0
38.41098808,0.572899439,0.341673307,11.51702779,4,0
28.01077785,0.852278585,0.316534405,30.83067457,0,0
28.9669715,0.648162577,0.125328733,13.15099025,3,0
38.40633227,0.793925556,0.114641748,31.69095636,2,0
27.90807729,0.265559467,0.115136263,5.145137772,0,0
35.28486461,0.855679225,0.072904806,3.545291106,3,0
35.99878654,0.761882338,0.320100059,17.8049051,2,0
33.65521808,0.846092219,0.179204999,45.42161508,0,0
61.88981157,0.718734962,0.069854995,9.860327234,3,1
15.72888302,0.803322807,0.029066345,15.36598268,2,0
20.13487113,0.905007238,0.014142344,17.43916254,0,0
24.97145985,0.485038715,0.0181811,16.31682009,0,0
20.39547052,0.71909485,0.540371633,14.32384607,2,0
59.29391159,0.901337276,0.021848539,14.49806349,0,0
48.68299098,0.571608058,0.409663974,17.54369649,1,0
38.35652854,0.679896438,0.387181206,17.97879976,1,0
32.43906535,0.744389383,0.075293886,11.502129,1,0
61.72698934,0.601342642,0.116136893,23.71307191,0,0
78.42491178,0.935755444,0.212695335,35.62483502,6,0
82.17083904,0.912124097,0.176026929,30.08587154,2,0
33.72980098,0.7485221,0.218332307,21.1042837,1,0
42.38257983,0.678423426,0.400989276,29.56635339,2,0
10.52918834,0.623724655,0.382479407,43.59474726,2,0
33.34132082,0.587509211,0.199053224,9.567999324,1,0
221.8945081,0.692677493,0.282406506,10.43231935,0,0
22.70142492,0.828812028,0.132538376,34.38665304,1,0
85.21979928,0.910691224,0.553944547,31.35950881,0,0
66.24519109,0.406532124,0.131874583,19.52240645,1,0
18.67072365,0.743361229,0.218536125,17.42109138,1,0
9.456271732,0.713799875,0.55591992,5.519248993,0,0
21.18705148,0.947771405,0.026127067,41.88640325,1,0
111.9824258,0.714769464,0.050106876,5.383190722,2,0
92.46633589,0.877209432,0.34309291,29.98910978,1,0
66.92409495,0.681204762,0.100152604,19.3817711,1,0
28.98601056,0.884660282,0.208135365,24.76262424,0,0
69.23633547,0.921074413,0.285313101,41.48823622,1,0
16.26366294,0.787705693,0.176922256,19.200981,1,0
80.88380775,0.928453891,0.141456287,6.358751102,2,0
56.84311966,0.783092467,0.335538738,32.04034844,0,0
70.88762077,0.701420343,0.112939291,45.87593877,1,0
461.0226181,0.437514509,0.292652078,12.9457513,1,0
378.8787763,0.42294914,0.029916084,17.26857064,0,0
20.64664858,0.797577412,0.067651679,11.53850854,1,0
49.07203582,0.317746714,0.080183577,6.467429978,1,0
39.98005805,0.723299488,0.142738724,1.833774188,1,0
52.95658607,0.870688972,0.035714248,9.625922754,2,0
269.8549101,0.665273243,0.097552223,22.75818633,2,0
16.54241848,0.618268487,0.345851653,10.37932272,1,0
38.14868362,0.747980997,0.21764902,8.476936411,2,0
119.8822422,0.813731117,0.113186369,14.91314111,2,0
25.69881112,0.403310428,0.202579428,65.52853581,1,0
151.0438361,0.780958014,0.334765479,5.14071621,1,0
44.71676515,0.684243173,0.171721721,30.58949544,4,0
38.43900001,0.909577363,0.071059439,4.860244522,3,0
67.73028514,0.60549166,0.178557391,31.532639,0,0
34.11537883,0.631161197,0.140157735,7.294392416,3,0
91.69857755,0.688357589,0.412270468,2.770787778,2,0
166.9753867,0.83855904,0.14208666,20.86085463,0,0
5.810566731,0.751949156,0.061746799,18.75160852,3,0
95.49129763,0.909420321,0.31406734,16.14061509,2,0
8.737977617,0.663298321,0.2859339,19.29549185,0,0
9.435582028,0.697862443,0.462100619,6.041889707,1,0
79.33632578,0.782635409,0.166858689,27.07471914,1,0
55.36622696,0.832365458,0.035834702,32.65468776,0,0
55.68624158,0.585983595,0.385595729,21.27513196,1,0
20.21902793,0.733466088,0.476619403,42.10929062,1,0
25.96398896,0.648730237,0.035326338,12.74509393,1,1
32.15708431,0.368799162,0.217627394,8.55536997,1,0
10.96353019,0.880911584,0.216601373,48.07365339,2,0
60.57128768,0.512827182,0.25738298,7.01833887,0,0
33.32676457,0.728162977,0.062630641,24.7710275,2,1
63.76688341,0.821170661,0.149853003,74.98432522,0,0
5.732871157,0.879808498,0.5579971,4.576460603,0,0
5.154216036,0.723161422,0.066819473,2.820906039,1,0
24.97452998,0.996538409,0.161694113,14.93400197,0,0
33.23841675,0.781028208,0.585866729,24.09250927,1,0
60.67410792,0.878431294,0.533761776,53.46656898,1,0
26.57847677,0.441032351,0.131847691,18.42635871,1,0
20.95369683,0.814782476,0.192323039,25.32393384,3,0
18.46708538,0.826498958,0.344743519,4.898818896,0,0
83.79482373,0.642248639,0.184756445,20.4507454,0,0
44.08689177,0.702313629,0.243932883,22.17389758,1,0
159.4333663,0.775389324,0.263124934,18.39580478,1,0
37.69151592,0.653742503,0.422670479,5.163224443,1,0
55.18070866,0.814407748,0.441627953,6.314271391,0,0
36.91502599,0.829792595,0.075391633,12.88770253,1,0
31.47292181,0.926192136,0.205128603,19.79667193,0,0
53.01258355,0.522954906,0.253756885,11.86946471,2,0
15.57336606,0.713580532,0.091092823,25.18178859,0,0
27.00381026,0.614870739,0.126739887,13.1506723,2,0
55.17182497,0.551072557,0.087336556,28.0956383,1,0
21.93616647,0.601816153,0.048882167,13.95475636,0,1
7.198911591,0.708682355,0.049452065,17.12798288,1,0
25.54737816,0.894456298,0.313251098,23.27147884,1,0
15.93696897,0.808885547,0.052599723,4.982681613,0,0
55.36783524,0.58066641,0.348980308,21.42353959,3,0
14.38014079,0.807695371,0.188679845,29.28374406,0,0
19.0339523,0.759974905,0.346858478,13.53205501,1,0
42.13599622,0.957730624,0.381904501,5.228404068,1,0
27.71720194,0.742853224,0.036274506,8.529075034,2,0
61.86951397,0.816047517,0.140408778,29.15780638,0,0
43.87358846,0.607011956,0.472017013,28.42061256,4,0
33.41253673,0.66842408,0.051241438,13.39653205,2,1
64.83739274,0.771352348,0.11798515,22.43933967,1,0
50.46655575,0.667286963,0.12157281,8.212259174,1,0
25.03579755,0.523151576,0.161500782,30.60697787,4,0
85.43575035,0.820174809,0.357600315,8.729459687,2,0
38.62962375,0.895204651,0.527591951,18.21847227,2,0
56.45284019,0.332162921,0.109302068,15.35640728,1,0
37.57772266,0.845053454,0.220122018,9.299355103,1,0
54.64716908,0.732321013,0.234549617,22.23716573,1,0
24.59387888,0.558757364,0.018375627,36.47263323,1,0
56.00382562,0.777065704,0.295044614,49.00637211,2,0
46.10196471,0.84849726,0.420289219,6.848423325,4,0
35.40049824,0.690837301,0.384924577,3.805840082,1,0
41.5001883,0.590728053,0.028792506,17.21885968,0,1
31.31576798,0.56275497,0.136822223,42.09116249,2,0
61.39432431,0.880815735,0.234226008,26.00094451,1,0
138.67388,0.680150444,0.345255415,50.19955785,3,0
21.49458369,0.609379418,0.533939298,25.29550662,0,0
33.55053032,0.920708296,0.344635864,2.958269251,1,0
12.63596311,0.844013283,0.343921954,16.83516652,1,0
31.04613703,0.649361335,0.450208971,21.30866689,2,0
39.83757307,0.880793713,0.472529058,6.357197968,0,0
54.96239157,0.934630131,0.135324557,22.36838253,0,0
14.78457682,0.566483709,0.144611585,16.39734765,2,0
22.8897718,0.871899401,0.386847999,28.50999217,0,0
40.76297414,0.548093047,0.102292464,63.38104831,2,0
409.7823295,0.566732828,0.032057445,25.94899557,1,0
45.52426085,0.749896495,0.418224908,10.63415619,1,0
44.37949821,0.597622511,0.366891651,2.71535572,0,0
22.73563186,0.790519202,0.031053614,19.69932567,1,0
29.56649485,0.798223653,0.223836189,20.30928026,1,0
5.753720807,0.668753058,0.078648393,32.16458363,1,0
22.63050973,0.895704519,0.046782423,0.895485233,2,0
21.47034601,0.38399977,0.280445242,21.82250936,0,0
29.84728812,0.809494297,0.251471042,10.28827516,1,0
28.0510435,0.398405027,0.499097106,15.412556,2,0
209.8201667,0.760610708,0.120572251,4.156345103,0,0
86.36519348,0.190784,0.244016791,8.180761035,3,0
36.54841025,0.553672934,0.095157529,47.60663934,0,0
8.668643358,0.688159506,0.203179,30.08821498,0,0
159.3539944,0.815165948,0.38823958,18.31624354,1,0
25.17079039,0.562717595,0.181762758,5.291532716,1,0
19.73900503,0.744159908,0.363089813,4.408287363,2,0
35.43922651,0.473815324,0.221133502,54.91069149,0,0
35.08365215,0.468044448,0.127313848,18.40808647,1,0
121.8059791,0.678076516,0.345373969,5.363816088,0,0
42.61169958,0.481686059,0.187232191,36.85404515,1,0
57.73870011,0.734796962,0.002892713,48.55004645,1,0
64.67639261,0.551635245,0.170556143,41.22310148,1,0
133.018753,0.753156624,0.273393374,0.85836055,1,0
